"","ASV","species","genus","family","order","class","phylum","kingdom","seq_percID","diff","taxonomic_level","taxon"
"1","ASV1","Gadus chalcogrammus","Gadus","Gadidae","Gadiformes","Actinopteri","Chordata","Eukaryota",100,0,"species","Gadus chalcogrammus"
"2","ASV10","Clupea pallasii","Clupea","Clupeidae","Clupeiformes","Actinopteri","Chordata","Eukaryota",100,0,"species","Clupea pallasii"
"3","ASV100","Gadus chalcogrammus","Gadus","Gadidae","Gadiformes","Actinopteri","Chordata","Eukaryota",99.412,0,"species","Gadus chalcogrammus"
"4","ASV101","Leptoclinus maculatus","Leptoclinus","Stichaeidae","Perciformes","Actinopteri","Chordata","Eukaryota",100,0,"species","Leptoclinus maculatus"
"5","ASV102","Lycodes brevipes","Lycodes","Zoarcidae","Perciformes","Actinopteri","Chordata","Eukaryota",99.405,0,"species","Lycodes brevipes"
"6","ASV103","Lycodes brevipes","Lycodes","Zoarcidae","Perciformes","Actinopteri","Chordata","Eukaryota",99.405,0,"species","Lycodes brevipes"
"7","ASV104","Lycodes brevipes","Lycodes","Zoarcidae","Perciformes","Actinopteri","Chordata","Eukaryota",99.405,0,"species","Lycodes brevipes"
"8","ASV105","Lycodes brevipes","Lycodes","Zoarcidae","Perciformes","Actinopteri","Chordata","Eukaryota",99.405,0,"species","Lycodes brevipes"
"9","ASV106","Atheresthes evermanni","Atheresthes","Pleuronectidae","Pleuronectiformes","Actinopteri","Chordata","Eukaryota",99.415,0,"genus","Atheresthes"
"10","ASV106","Atheresthes stomias","Atheresthes","Pleuronectidae","Pleuronectiformes","Actinopteri","Chordata","Eukaryota",99.415,0,"genus","Atheresthes"
"11","ASV107","Gadus chalcogrammus","Gadus","Gadidae","Gadiformes","Actinopteri","Chordata","Eukaryota",99.408,0,"genus","Gadus"
"12","ASV107","Gadus macrocephalus","Gadus","Gadidae","Gadiformes","Actinopteri","Chordata","Eukaryota",99.408,0,"genus","Gadus"
"13","ASV108","Pleuronectes quadrituberculatus","Pleuronectes","Pleuronectidae","Pleuronectiformes","Actinopteri","Chordata","Eukaryota",99.408,0,"species","Pleuronectes quadrituberculatus"
"14","ASV109","Sebastes aleutianus","Sebastes","Sebastidae","Perciformes","Actinopteri","Chordata","Eukaryota",99.405,0,"genus","Sebastes"
"15","ASV109","Sebastes alutus","Sebastes","Sebastidae","Perciformes","Actinopteri","Chordata","Eukaryota",99.405,0,"genus","Sebastes"
"16","ASV109","Sebastes babcocki","Sebastes","Sebastidae","Perciformes","Actinopteri","Chordata","Eukaryota",99.405,0,"genus","Sebastes"
"17","ASV109","Sebastes baramenuke","Sebastes","Sebastidae","Perciformes","Actinopteri","Chordata","Eukaryota",99.405,0,"genus","Sebastes"
"18","ASV109","Sebastes brevispinis","Sebastes","Sebastidae","Perciformes","Actinopteri","Chordata","Eukaryota",99.405,0,"genus","Sebastes"
"19","ASV109","Sebastes constellatus","Sebastes","Sebastidae","Perciformes","Actinopteri","Chordata","Eukaryota",99.405,0,"genus","Sebastes"
"20","ASV109","Sebastes elongatus","Sebastes","Sebastidae","Perciformes","Actinopteri","Chordata","Eukaryota",99.405,0,"genus","Sebastes"
"21","ASV109","Sebastes emphaeus","Sebastes","Sebastidae","Perciformes","Actinopteri","Chordata","Eukaryota",99.405,0,"genus","Sebastes"
"22","ASV109","Sebastes eos","Sebastes","Sebastidae","Perciformes","Actinopteri","Chordata","Eukaryota",99.405,0,"genus","Sebastes"
"23","ASV109","Sebastes exsul","Sebastes","Sebastidae","Perciformes","Actinopteri","Chordata","Eukaryota",99.405,0,"genus","Sebastes"
"24","ASV109","Sebastes flavidus","Sebastes","Sebastidae","Perciformes","Actinopteri","Chordata","Eukaryota",99.405,0,"genus","Sebastes"
"25","ASV109","Sebastes goodei","Sebastes","Sebastidae","Perciformes","Actinopteri","Chordata","Eukaryota",99.405,0,"genus","Sebastes"
"26","ASV109","Sebastes helvomaculatus","Sebastes","Sebastidae","Perciformes","Actinopteri","Chordata","Eukaryota",99.405,0,"genus","Sebastes"
"27","ASV109","Sebastes inermis","Sebastes","Sebastidae","Perciformes","Actinopteri","Chordata","Eukaryota",99.405,0,"genus","Sebastes"
"28","ASV109","Sebastes joyneri","Sebastes","Sebastidae","Perciformes","Actinopteri","Chordata","Eukaryota",99.405,0,"genus","Sebastes"
"29","ASV109","Sebastes longispinis","Sebastes","Sebastidae","Perciformes","Actinopteri","Chordata","Eukaryota",99.405,0,"genus","Sebastes"
"30","ASV109","Sebastes melanops","Sebastes","Sebastidae","Perciformes","Actinopteri","Chordata","Eukaryota",99.405,0,"genus","Sebastes"
"31","ASV109","Sebastes miniatus","Sebastes","Sebastidae","Perciformes","Actinopteri","Chordata","Eukaryota",99.405,0,"genus","Sebastes"
"32","ASV109","Sebastes oculatus","Sebastes","Sebastidae","Perciformes","Actinopteri","Chordata","Eukaryota",99.405,0,"genus","Sebastes"
"33","ASV109","Sebastes ovalis","Sebastes","Sebastidae","Perciformes","Actinopteri","Chordata","Eukaryota",99.405,0,"genus","Sebastes"
"34","ASV109","Sebastes owstoni","Sebastes","Sebastidae","Perciformes","Actinopteri","Chordata","Eukaryota",99.405,0,"genus","Sebastes"
"35","ASV109","Sebastes pachycephalus","Sebastes","Sebastidae","Perciformes","Actinopteri","Chordata","Eukaryota",99.405,0,"genus","Sebastes"
"36","ASV109","Sebastes phillipsi","Sebastes","Sebastidae","Perciformes","Actinopteri","Chordata","Eukaryota",99.405,0,"genus","Sebastes"
"37","ASV109","Sebastes pinniger","Sebastes","Sebastidae","Perciformes","Actinopteri","Chordata","Eukaryota",99.405,0,"genus","Sebastes"
"38","ASV109","Sebastes proriger","Sebastes","Sebastidae","Perciformes","Actinopteri","Chordata","Eukaryota",99.405,0,"genus","Sebastes"
"39","ASV109","Sebastes rosaceus","Sebastes","Sebastidae","Perciformes","Actinopteri","Chordata","Eukaryota",99.405,0,"genus","Sebastes"
"40","ASV109","Sebastes rosenblatti","Sebastes","Sebastidae","Perciformes","Actinopteri","Chordata","Eukaryota",99.405,0,"genus","Sebastes"
"41","ASV109","Sebastes ruberrimus","Sebastes","Sebastidae","Perciformes","Actinopteri","Chordata","Eukaryota",99.405,0,"genus","Sebastes"
"42","ASV109","Sebastes rubrivinctus","Sebastes","Sebastidae","Perciformes","Actinopteri","Chordata","Eukaryota",99.405,0,"genus","Sebastes"
"43","ASV109","Sebastes schlegelii","Sebastes","Sebastidae","Perciformes","Actinopteri","Chordata","Eukaryota",99.405,0,"genus","Sebastes"
"44","ASV109","Sebastes serriceps","Sebastes","Sebastidae","Perciformes","Actinopteri","Chordata","Eukaryota",99.405,0,"genus","Sebastes"
"45","ASV109","Sebastes simulator","Sebastes","Sebastidae","Perciformes","Actinopteri","Chordata","Eukaryota",99.405,0,"genus","Sebastes"
"46","ASV109","Sebastes steindachneri","Sebastes","Sebastidae","Perciformes","Actinopteri","Chordata","Eukaryota",99.405,0,"genus","Sebastes"
"47","ASV109","Sebastes taczanowskii","Sebastes","Sebastidae","Perciformes","Actinopteri","Chordata","Eukaryota",99.405,0,"genus","Sebastes"
"48","ASV109","Sebastes thompsoni","Sebastes","Sebastidae","Perciformes","Actinopteri","Chordata","Eukaryota",99.405,0,"genus","Sebastes"
"49","ASV109","Sebastes variegatus","Sebastes","Sebastidae","Perciformes","Actinopteri","Chordata","Eukaryota",99.405,0,"genus","Sebastes"
"50","ASV109","Sebastes wakiyai","Sebastes","Sebastidae","Perciformes","Actinopteri","Chordata","Eukaryota",99.405,0,"genus","Sebastes"
"51","ASV109","Sebastes wilsoni","Sebastes","Sebastidae","Perciformes","Actinopteri","Chordata","Eukaryota",99.405,0,"genus","Sebastes"
"52","ASV109","Sebastes zacentrus","Sebastes","Sebastidae","Perciformes","Actinopteri","Chordata","Eukaryota",99.405,0,"genus","Sebastes"
"53","ASV11","Lycodes palearis","Lycodes","Zoarcidae","Perciformes","Actinopteri","Chordata","Eukaryota",100,0,"species","Lycodes palearis"
"54","ASV110","Oncorhynchus tshawytscha","Oncorhynchus","Salmonidae","Salmoniformes","Actinopteri","Chordata","Eukaryota",100,0,"species","Oncorhynchus tshawytscha"
"55","ASV111","Lycodes brevipes","Lycodes","Zoarcidae","Perciformes","Actinopteri","Chordata","Eukaryota",99.405,0,"species","Lycodes brevipes"
"56","ASV112","Pleuronectes quadrituberculatus","Pleuronectes","Pleuronectidae","Pleuronectiformes","Actinopteri","Chordata","Eukaryota",97.633,0,"family","Pleuronectidae"
"57","ASV112","Platichthys stellatus","Platichthys","Pleuronectidae","Pleuronectiformes","Actinopteri","Chordata","Eukaryota",97.041,0.591999999999999,"family","Pleuronectidae"
"58","ASV113","Atheresthes evermanni","Atheresthes","Pleuronectidae","Pleuronectiformes","Actinopteri","Chordata","Eukaryota",99.415,0,"genus","Atheresthes"
"59","ASV113","Atheresthes stomias","Atheresthes","Pleuronectidae","Pleuronectiformes","Actinopteri","Chordata","Eukaryota",99.415,0,"genus","Atheresthes"
"60","ASV114","Pleuronectes quadrituberculatus","Pleuronectes","Pleuronectidae","Pleuronectiformes","Actinopteri","Chordata","Eukaryota",99.408,0,"species","Pleuronectes quadrituberculatus"
"61","ASV115","Glyptocephalus zachirus","Glyptocephalus","Pleuronectidae","Pleuronectiformes","Actinopteri","Chordata","Eukaryota",99.408,0,"species","Glyptocephalus zachirus"
"62","ASV116","Gadus chalcogrammus","Gadus","Gadidae","Gadiformes","Actinopteri","Chordata","Eukaryota",99.412,0,"species","Gadus chalcogrammus"
"63","ASV117","Pleuronectes quadrituberculatus","Pleuronectes","Pleuronectidae","Pleuronectiformes","Actinopteri","Chordata","Eukaryota",99.408,0,"species","Pleuronectes quadrituberculatus"
"64","ASV118","Atheresthes evermanni","Atheresthes","Pleuronectidae","Pleuronectiformes","Actinopteri","Chordata","Eukaryota",99.415,0,"genus","Atheresthes"
"65","ASV118","Atheresthes stomias","Atheresthes","Pleuronectidae","Pleuronectiformes","Actinopteri","Chordata","Eukaryota",99.415,0,"genus","Atheresthes"
"66","ASV119","Gadus chalcogrammus","Gadus","Gadidae","Gadiformes","Actinopteri","Chordata","Eukaryota",98.824,0,"genus","Gadus"
"67","ASV119","Gadus macrocephalus","Gadus","Gadidae","Gadiformes","Actinopteri","Chordata","Eukaryota",98.235,0.588999999999999,"genus","Gadus"
"68","ASV12","Acipenser fulvescens","Acipenser","Acipenseridae","Acipenseriformes","Actinopteri","Chordata","Eukaryota",100,0,"species","Acipenser fulvescens"
"69","ASV120","Gadus chalcogrammus","Gadus","Gadidae","Gadiformes","Actinopteri","Chordata","Eukaryota",99.412,0,"species","Gadus chalcogrammus"
"70","ASV121","Gadus chalcogrammus","Gadus","Gadidae","Gadiformes","Actinopteri","Chordata","Eukaryota",99.408,0,"genus","Gadus"
"71","ASV121","Gadus macrocephalus","Gadus","Gadidae","Gadiformes","Actinopteri","Chordata","Eukaryota",99.408,0,"genus","Gadus"
"72","ASV122","Hemilepidotus gilberti","Hemilepidotus","Cottidae","Perciformes","Actinopteri","Chordata","Eukaryota",99.408,0,"genus","Hemilepidotus"
"73","ASV122","Hemilepidotus jordani","Hemilepidotus","Cottidae","Perciformes","Actinopteri","Chordata","Eukaryota",99.408,0,"genus","Hemilepidotus"
"74","ASV122","Hemilepidotus papilio","Hemilepidotus","Cottidae","Perciformes","Actinopteri","Chordata","Eukaryota",99.408,0,"genus","Hemilepidotus"
"75","ASV123","Atheresthes evermanni","Atheresthes","Pleuronectidae","Pleuronectiformes","Actinopteri","Chordata","Eukaryota",99.415,0,"genus","Atheresthes"
"76","ASV123","Atheresthes stomias","Atheresthes","Pleuronectidae","Pleuronectiformes","Actinopteri","Chordata","Eukaryota",99.415,0,"genus","Atheresthes"
"77","ASV124","Gadus chalcogrammus","Gadus","Gadidae","Gadiformes","Actinopteri","Chordata","Eukaryota",99.412,0,"species","Gadus chalcogrammus"
"78","ASV126","Hippoglossoides elassodon","Hippoglossoides","Pleuronectidae","Pleuronectiformes","Actinopteri","Chordata","Eukaryota",99.408,0,"family","Pleuronectidae"
"79","ASV126","Hippoglossoides robustus","Hippoglossoides","Pleuronectidae","Pleuronectiformes","Actinopteri","Chordata","Eukaryota",99.408,0,"family","Pleuronectidae"
"80","ASV126","Limanda sakhalinensis","Limanda","Pleuronectidae","Pleuronectiformes","Actinopteri","Chordata","Eukaryota",99.408,0,"family","Pleuronectidae"
"81","ASV127","Myoxocephalus jaok","Myoxocephalus","Cottidae","Perciformes","Actinopteri","Chordata","Eukaryota",99.408,0,"genus","Myoxocephalus"
"82","ASV127","Myoxocephalus polyacanthocephalus","Myoxocephalus","Cottidae","Perciformes","Actinopteri","Chordata","Eukaryota",99.408,0,"genus","Myoxocephalus"
"83","ASV127","Myoxocephalus stelleri","Myoxocephalus","Cottidae","Perciformes","Actinopteri","Chordata","Eukaryota",99.408,0,"genus","Myoxocephalus"
"84","ASV128","Leptagonus decagonus","Leptagonus","Agonidae","Perciformes","Actinopteri","Chordata","Eukaryota",98.817,0,"family","Agonidae"
"85","ASV128","Sarritor frenatus","Sarritor","Agonidae","Perciformes","Actinopteri","Chordata","Eukaryota",98.817,0,"family","Agonidae"
"86","ASV128","Podothecus veternus","Podothecus","Agonidae","Perciformes","Actinopteri","Chordata","Eukaryota",98.225,0.591999999999999,"family","Agonidae"
"87","ASV128","Sarritor leptorhynchus","Sarritor","Agonidae","Perciformes","Actinopteri","Chordata","Eukaryota",98.225,0.591999999999999,"family","Agonidae"
"88","ASV129","Lycodes brevipes","Lycodes","Zoarcidae","Perciformes","Actinopteri","Chordata","Eukaryota",99.405,0,"species","Lycodes brevipes"
"89","ASV13","Glyptocephalus zachirus","Glyptocephalus","Pleuronectidae","Pleuronectiformes","Actinopteri","Chordata","Eukaryota",100,0,"species","Glyptocephalus zachirus"
"90","ASV130","Lycodes brevipes","Lycodes","Zoarcidae","Perciformes","Actinopteri","Chordata","Eukaryota",99.405,0,"species","Lycodes brevipes"
"91","ASV131","Hippoglossoides elassodon","Hippoglossoides","Pleuronectidae","Pleuronectiformes","Actinopteri","Chordata","Eukaryota",99.408,0,"family","Pleuronectidae"
"92","ASV131","Hippoglossoides robustus","Hippoglossoides","Pleuronectidae","Pleuronectiformes","Actinopteri","Chordata","Eukaryota",99.408,0,"family","Pleuronectidae"
"93","ASV131","Limanda sakhalinensis","Limanda","Pleuronectidae","Pleuronectiformes","Actinopteri","Chordata","Eukaryota",99.408,0,"family","Pleuronectidae"
"94","ASV132","Oncorhynchus tshawytscha","Oncorhynchus","Salmonidae","Salmoniformes","Actinopteri","Chordata","Eukaryota",99.412,0,"species","Oncorhynchus tshawytscha"
"95","ASV133","Hippoglossoides elassodon","Hippoglossoides","Pleuronectidae","Pleuronectiformes","Actinopteri","Chordata","Eukaryota",99.408,0,"family","Pleuronectidae"
"96","ASV133","Hippoglossoides robustus","Hippoglossoides","Pleuronectidae","Pleuronectiformes","Actinopteri","Chordata","Eukaryota",99.408,0,"family","Pleuronectidae"
"97","ASV133","Limanda sakhalinensis","Limanda","Pleuronectidae","Pleuronectiformes","Actinopteri","Chordata","Eukaryota",99.408,0,"family","Pleuronectidae"
"98","ASV134","Atheresthes evermanni","Atheresthes","Pleuronectidae","Pleuronectiformes","Actinopteri","Chordata","Eukaryota",99.415,0,"genus","Atheresthes"
"99","ASV134","Atheresthes stomias","Atheresthes","Pleuronectidae","Pleuronectiformes","Actinopteri","Chordata","Eukaryota",99.415,0,"genus","Atheresthes"
"100","ASV135","Sebastes aleutianus","Sebastes","Sebastidae","Perciformes","Actinopteri","Chordata","Eukaryota",99.405,0,"genus","Sebastes"
"101","ASV135","Sebastes alutus","Sebastes","Sebastidae","Perciformes","Actinopteri","Chordata","Eukaryota",99.405,0,"genus","Sebastes"
"102","ASV135","Sebastes babcocki","Sebastes","Sebastidae","Perciformes","Actinopteri","Chordata","Eukaryota",99.405,0,"genus","Sebastes"
"103","ASV135","Sebastes baramenuke","Sebastes","Sebastidae","Perciformes","Actinopteri","Chordata","Eukaryota",99.405,0,"genus","Sebastes"
"104","ASV135","Sebastes brevispinis","Sebastes","Sebastidae","Perciformes","Actinopteri","Chordata","Eukaryota",99.405,0,"genus","Sebastes"
"105","ASV135","Sebastes constellatus","Sebastes","Sebastidae","Perciformes","Actinopteri","Chordata","Eukaryota",99.405,0,"genus","Sebastes"
"106","ASV135","Sebastes elongatus","Sebastes","Sebastidae","Perciformes","Actinopteri","Chordata","Eukaryota",99.405,0,"genus","Sebastes"
"107","ASV135","Sebastes emphaeus","Sebastes","Sebastidae","Perciformes","Actinopteri","Chordata","Eukaryota",99.405,0,"genus","Sebastes"
"108","ASV135","Sebastes eos","Sebastes","Sebastidae","Perciformes","Actinopteri","Chordata","Eukaryota",99.405,0,"genus","Sebastes"
"109","ASV135","Sebastes exsul","Sebastes","Sebastidae","Perciformes","Actinopteri","Chordata","Eukaryota",99.405,0,"genus","Sebastes"
"110","ASV135","Sebastes flavidus","Sebastes","Sebastidae","Perciformes","Actinopteri","Chordata","Eukaryota",99.405,0,"genus","Sebastes"
"111","ASV135","Sebastes goodei","Sebastes","Sebastidae","Perciformes","Actinopteri","Chordata","Eukaryota",99.405,0,"genus","Sebastes"
"112","ASV135","Sebastes helvomaculatus","Sebastes","Sebastidae","Perciformes","Actinopteri","Chordata","Eukaryota",99.405,0,"genus","Sebastes"
"113","ASV135","Sebastes inermis","Sebastes","Sebastidae","Perciformes","Actinopteri","Chordata","Eukaryota",99.405,0,"genus","Sebastes"
"114","ASV135","Sebastes joyneri","Sebastes","Sebastidae","Perciformes","Actinopteri","Chordata","Eukaryota",99.405,0,"genus","Sebastes"
"115","ASV135","Sebastes longispinis","Sebastes","Sebastidae","Perciformes","Actinopteri","Chordata","Eukaryota",99.405,0,"genus","Sebastes"
"116","ASV135","Sebastes melanops","Sebastes","Sebastidae","Perciformes","Actinopteri","Chordata","Eukaryota",99.405,0,"genus","Sebastes"
"117","ASV135","Sebastes miniatus","Sebastes","Sebastidae","Perciformes","Actinopteri","Chordata","Eukaryota",99.405,0,"genus","Sebastes"
"118","ASV135","Sebastes oculatus","Sebastes","Sebastidae","Perciformes","Actinopteri","Chordata","Eukaryota",99.405,0,"genus","Sebastes"
"119","ASV135","Sebastes ovalis","Sebastes","Sebastidae","Perciformes","Actinopteri","Chordata","Eukaryota",99.405,0,"genus","Sebastes"
"120","ASV135","Sebastes owstoni","Sebastes","Sebastidae","Perciformes","Actinopteri","Chordata","Eukaryota",99.405,0,"genus","Sebastes"
"121","ASV135","Sebastes pachycephalus","Sebastes","Sebastidae","Perciformes","Actinopteri","Chordata","Eukaryota",99.405,0,"genus","Sebastes"
"122","ASV135","Sebastes phillipsi","Sebastes","Sebastidae","Perciformes","Actinopteri","Chordata","Eukaryota",99.405,0,"genus","Sebastes"
"123","ASV135","Sebastes pinniger","Sebastes","Sebastidae","Perciformes","Actinopteri","Chordata","Eukaryota",99.405,0,"genus","Sebastes"
"124","ASV135","Sebastes proriger","Sebastes","Sebastidae","Perciformes","Actinopteri","Chordata","Eukaryota",99.405,0,"genus","Sebastes"
"125","ASV135","Sebastes rosaceus","Sebastes","Sebastidae","Perciformes","Actinopteri","Chordata","Eukaryota",99.405,0,"genus","Sebastes"
"126","ASV135","Sebastes rosenblatti","Sebastes","Sebastidae","Perciformes","Actinopteri","Chordata","Eukaryota",99.405,0,"genus","Sebastes"
"127","ASV135","Sebastes ruberrimus","Sebastes","Sebastidae","Perciformes","Actinopteri","Chordata","Eukaryota",99.405,0,"genus","Sebastes"
"128","ASV135","Sebastes rubrivinctus","Sebastes","Sebastidae","Perciformes","Actinopteri","Chordata","Eukaryota",99.405,0,"genus","Sebastes"
"129","ASV135","Sebastes schlegelii","Sebastes","Sebastidae","Perciformes","Actinopteri","Chordata","Eukaryota",99.405,0,"genus","Sebastes"
"130","ASV135","Sebastes serriceps","Sebastes","Sebastidae","Perciformes","Actinopteri","Chordata","Eukaryota",99.405,0,"genus","Sebastes"
"131","ASV135","Sebastes simulator","Sebastes","Sebastidae","Perciformes","Actinopteri","Chordata","Eukaryota",99.405,0,"genus","Sebastes"
"132","ASV135","Sebastes steindachneri","Sebastes","Sebastidae","Perciformes","Actinopteri","Chordata","Eukaryota",99.405,0,"genus","Sebastes"
"133","ASV135","Sebastes taczanowskii","Sebastes","Sebastidae","Perciformes","Actinopteri","Chordata","Eukaryota",99.405,0,"genus","Sebastes"
"134","ASV135","Sebastes thompsoni","Sebastes","Sebastidae","Perciformes","Actinopteri","Chordata","Eukaryota",99.405,0,"genus","Sebastes"
"135","ASV135","Sebastes variegatus","Sebastes","Sebastidae","Perciformes","Actinopteri","Chordata","Eukaryota",99.405,0,"genus","Sebastes"
"136","ASV135","Sebastes wakiyai","Sebastes","Sebastidae","Perciformes","Actinopteri","Chordata","Eukaryota",99.405,0,"genus","Sebastes"
"137","ASV135","Sebastes wilsoni","Sebastes","Sebastidae","Perciformes","Actinopteri","Chordata","Eukaryota",99.405,0,"genus","Sebastes"
"138","ASV135","Sebastes zacentrus","Sebastes","Sebastidae","Perciformes","Actinopteri","Chordata","Eukaryota",99.405,0,"genus","Sebastes"
"139","ASV136","Icelus spiniger","Icelus","Cottidae","Perciformes","Actinopteri","Chordata","Eukaryota",97.041,0,"family","Cottidae"
"140","ASV136","Icelus spatula","Icelus","Cottidae","Perciformes","Actinopteri","Chordata","Eukaryota",97.024,0.0169999999999959,"family","Cottidae"
"141","ASV136","Myoxocephalus jaok","Myoxocephalus","Cottidae","Perciformes","Actinopteri","Chordata","Eukaryota",96.45,0.590999999999994,"family","Cottidae"
"142","ASV136","Myoxocephalus polyacanthocephalus","Myoxocephalus","Cottidae","Perciformes","Actinopteri","Chordata","Eukaryota",96.45,0.590999999999994,"family","Cottidae"
"143","ASV136","Myoxocephalus stelleri","Myoxocephalus","Cottidae","Perciformes","Actinopteri","Chordata","Eukaryota",96.45,0.590999999999994,"family","Cottidae"
"144","ASV137","Clupea pallasii","Clupea","Clupeidae","Clupeiformes","Actinopteri","Chordata","Eukaryota",99.419,0,"species","Clupea pallasii"
"145","ASV138","Sebastes aleutianus","Sebastes","Sebastidae","Perciformes","Actinopteri","Chordata","Eukaryota",99.405,0,"genus","Sebastes"
"146","ASV138","Sebastes alutus","Sebastes","Sebastidae","Perciformes","Actinopteri","Chordata","Eukaryota",99.405,0,"genus","Sebastes"
"147","ASV138","Sebastes babcocki","Sebastes","Sebastidae","Perciformes","Actinopteri","Chordata","Eukaryota",99.405,0,"genus","Sebastes"
"148","ASV138","Sebastes baramenuke","Sebastes","Sebastidae","Perciformes","Actinopteri","Chordata","Eukaryota",99.405,0,"genus","Sebastes"
"149","ASV138","Sebastes brevispinis","Sebastes","Sebastidae","Perciformes","Actinopteri","Chordata","Eukaryota",99.405,0,"genus","Sebastes"
"150","ASV138","Sebastes constellatus","Sebastes","Sebastidae","Perciformes","Actinopteri","Chordata","Eukaryota",99.405,0,"genus","Sebastes"
"151","ASV138","Sebastes elongatus","Sebastes","Sebastidae","Perciformes","Actinopteri","Chordata","Eukaryota",99.405,0,"genus","Sebastes"
"152","ASV138","Sebastes emphaeus","Sebastes","Sebastidae","Perciformes","Actinopteri","Chordata","Eukaryota",99.405,0,"genus","Sebastes"
"153","ASV138","Sebastes eos","Sebastes","Sebastidae","Perciformes","Actinopteri","Chordata","Eukaryota",99.405,0,"genus","Sebastes"
"154","ASV138","Sebastes exsul","Sebastes","Sebastidae","Perciformes","Actinopteri","Chordata","Eukaryota",99.405,0,"genus","Sebastes"
"155","ASV138","Sebastes flavidus","Sebastes","Sebastidae","Perciformes","Actinopteri","Chordata","Eukaryota",99.405,0,"genus","Sebastes"
"156","ASV138","Sebastes goodei","Sebastes","Sebastidae","Perciformes","Actinopteri","Chordata","Eukaryota",99.405,0,"genus","Sebastes"
"157","ASV138","Sebastes helvomaculatus","Sebastes","Sebastidae","Perciformes","Actinopteri","Chordata","Eukaryota",99.405,0,"genus","Sebastes"
"158","ASV138","Sebastes inermis","Sebastes","Sebastidae","Perciformes","Actinopteri","Chordata","Eukaryota",99.405,0,"genus","Sebastes"
"159","ASV138","Sebastes joyneri","Sebastes","Sebastidae","Perciformes","Actinopteri","Chordata","Eukaryota",99.405,0,"genus","Sebastes"
"160","ASV138","Sebastes longispinis","Sebastes","Sebastidae","Perciformes","Actinopteri","Chordata","Eukaryota",99.405,0,"genus","Sebastes"
"161","ASV138","Sebastes melanops","Sebastes","Sebastidae","Perciformes","Actinopteri","Chordata","Eukaryota",99.405,0,"genus","Sebastes"
"162","ASV138","Sebastes miniatus","Sebastes","Sebastidae","Perciformes","Actinopteri","Chordata","Eukaryota",99.405,0,"genus","Sebastes"
"163","ASV138","Sebastes oculatus","Sebastes","Sebastidae","Perciformes","Actinopteri","Chordata","Eukaryota",99.405,0,"genus","Sebastes"
"164","ASV138","Sebastes ovalis","Sebastes","Sebastidae","Perciformes","Actinopteri","Chordata","Eukaryota",99.405,0,"genus","Sebastes"
"165","ASV138","Sebastes owstoni","Sebastes","Sebastidae","Perciformes","Actinopteri","Chordata","Eukaryota",99.405,0,"genus","Sebastes"
"166","ASV138","Sebastes pachycephalus","Sebastes","Sebastidae","Perciformes","Actinopteri","Chordata","Eukaryota",99.405,0,"genus","Sebastes"
"167","ASV138","Sebastes phillipsi","Sebastes","Sebastidae","Perciformes","Actinopteri","Chordata","Eukaryota",99.405,0,"genus","Sebastes"
"168","ASV138","Sebastes pinniger","Sebastes","Sebastidae","Perciformes","Actinopteri","Chordata","Eukaryota",99.405,0,"genus","Sebastes"
"169","ASV138","Sebastes proriger","Sebastes","Sebastidae","Perciformes","Actinopteri","Chordata","Eukaryota",99.405,0,"genus","Sebastes"
"170","ASV138","Sebastes rosaceus","Sebastes","Sebastidae","Perciformes","Actinopteri","Chordata","Eukaryota",99.405,0,"genus","Sebastes"
"171","ASV138","Sebastes rosenblatti","Sebastes","Sebastidae","Perciformes","Actinopteri","Chordata","Eukaryota",99.405,0,"genus","Sebastes"
"172","ASV138","Sebastes ruberrimus","Sebastes","Sebastidae","Perciformes","Actinopteri","Chordata","Eukaryota",99.405,0,"genus","Sebastes"
"173","ASV138","Sebastes rubrivinctus","Sebastes","Sebastidae","Perciformes","Actinopteri","Chordata","Eukaryota",99.405,0,"genus","Sebastes"
"174","ASV138","Sebastes schlegelii","Sebastes","Sebastidae","Perciformes","Actinopteri","Chordata","Eukaryota",99.405,0,"genus","Sebastes"
"175","ASV138","Sebastes serriceps","Sebastes","Sebastidae","Perciformes","Actinopteri","Chordata","Eukaryota",99.405,0,"genus","Sebastes"
"176","ASV138","Sebastes simulator","Sebastes","Sebastidae","Perciformes","Actinopteri","Chordata","Eukaryota",99.405,0,"genus","Sebastes"
"177","ASV138","Sebastes steindachneri","Sebastes","Sebastidae","Perciformes","Actinopteri","Chordata","Eukaryota",99.405,0,"genus","Sebastes"
"178","ASV138","Sebastes taczanowskii","Sebastes","Sebastidae","Perciformes","Actinopteri","Chordata","Eukaryota",99.405,0,"genus","Sebastes"
"179","ASV138","Sebastes thompsoni","Sebastes","Sebastidae","Perciformes","Actinopteri","Chordata","Eukaryota",99.405,0,"genus","Sebastes"
"180","ASV138","Sebastes variegatus","Sebastes","Sebastidae","Perciformes","Actinopteri","Chordata","Eukaryota",99.405,0,"genus","Sebastes"
"181","ASV138","Sebastes wakiyai","Sebastes","Sebastidae","Perciformes","Actinopteri","Chordata","Eukaryota",99.405,0,"genus","Sebastes"
"182","ASV138","Sebastes wilsoni","Sebastes","Sebastidae","Perciformes","Actinopteri","Chordata","Eukaryota",99.405,0,"genus","Sebastes"
"183","ASV138","Sebastes zacentrus","Sebastes","Sebastidae","Perciformes","Actinopteri","Chordata","Eukaryota",99.405,0,"genus","Sebastes"
"184","ASV139","Lycodes brevipes","Lycodes","Zoarcidae","Perciformes","Actinopteri","Chordata","Eukaryota",99.405,0,"species","Lycodes brevipes"
"185","ASV14","Gadus chalcogrammus","Gadus","Gadidae","Gadiformes","Actinopteri","Chordata","Eukaryota",99.412,0,"species","Gadus chalcogrammus"
"186","ASV140","Gadus chalcogrammus","Gadus","Gadidae","Gadiformes","Actinopteri","Chordata","Eukaryota",97.647,0,"genus","Gadus"
"187","ASV140","Gadus macrocephalus","Gadus","Gadidae","Gadiformes","Actinopteri","Chordata","Eukaryota",97.059,0.588000000000008,"genus","Gadus"
"188","ASV141","Atheresthes evermanni","Atheresthes","Pleuronectidae","Pleuronectiformes","Actinopteri","Chordata","Eukaryota",99.415,0,"genus","Atheresthes"
"189","ASV141","Atheresthes stomias","Atheresthes","Pleuronectidae","Pleuronectiformes","Actinopteri","Chordata","Eukaryota",99.415,0,"genus","Atheresthes"
"190","ASV143","Atheresthes evermanni","Atheresthes","Pleuronectidae","Pleuronectiformes","Actinopteri","Chordata","Eukaryota",99.415,0,"genus","Atheresthes"
"191","ASV143","Atheresthes stomias","Atheresthes","Pleuronectidae","Pleuronectiformes","Actinopteri","Chordata","Eukaryota",99.415,0,"genus","Atheresthes"
"192","ASV144","Gadus chalcogrammus","Gadus","Gadidae","Gadiformes","Actinopteri","Chordata","Eukaryota",97.633,0,"genus","Gadus"
"193","ASV144","Gadus macrocephalus","Gadus","Gadidae","Gadiformes","Actinopteri","Chordata","Eukaryota",97.633,0,"genus","Gadus"
"194","ASV145","Bison bonasus","Bison","Bovidae","Artiodactyla","Mammalia","Chordata","Eukaryota",99.405,0,"family","Bovidae"
"195","ASV145","Bos indicus","Bos","Bovidae","Artiodactyla","Mammalia","Chordata","Eukaryota",99.405,0,"family","Bovidae"
"196","ASV145","Bos javanicus","Bos","Bovidae","Artiodactyla","Mammalia","Chordata","Eukaryota",99.405,0,"family","Bovidae"
"197","ASV145","Bos primigenius","Bos","Bovidae","Artiodactyla","Mammalia","Chordata","Eukaryota",99.405,0,"family","Bovidae"
"198","ASV145","Bos taurus","Bos","Bovidae","Artiodactyla","Mammalia","Chordata","Eukaryota",99.405,0,"family","Bovidae"
"199","ASV146","Gadus chalcogrammus","Gadus","Gadidae","Gadiformes","Actinopteri","Chordata","Eukaryota",98.824,0,"genus","Gadus"
"200","ASV146","Gadus macrocephalus","Gadus","Gadidae","Gadiformes","Actinopteri","Chordata","Eukaryota",98.824,0,"genus","Gadus"
"201","ASV147","Lycodes brevipes","Lycodes","Zoarcidae","Perciformes","Actinopteri","Chordata","Eukaryota",98.214,0,"species","Lycodes brevipes"
"202","ASV148","Lycodes brevipes","Lycodes","Zoarcidae","Perciformes","Actinopteri","Chordata","Eukaryota",97.619,0,"genus","Lycodes"
"203","ASV149","Bathyagonus alascanus","Bathyagonus","Agonidae","Perciformes","Actinopteri","Chordata","Eukaryota",100,0,"genus","Bathyagonus"
"204","ASV149","Bathyagonus infraspinatus","Bathyagonus","Agonidae","Perciformes","Actinopteri","Chordata","Eukaryota",100,0,"genus","Bathyagonus"
"205","ASV15","Icelus spatula","Icelus","Cottidae","Perciformes","Actinopteri","Chordata","Eukaryota",100,0,"species","Icelus spatula"
"206","ASV150","Gadus chalcogrammus","Gadus","Gadidae","Gadiformes","Actinopteri","Chordata","Eukaryota",97.633,0,"genus","Gadus"
"207","ASV150","Gadus macrocephalus","Gadus","Gadidae","Gadiformes","Actinopteri","Chordata","Eukaryota",97.633,0,"genus","Gadus"
"208","ASV151","Gadus chalcogrammus","Gadus","Gadidae","Gadiformes","Actinopteri","Chordata","Eukaryota",98.824,0,"genus","Gadus"
"209","ASV151","Gadus macrocephalus","Gadus","Gadidae","Gadiformes","Actinopteri","Chordata","Eukaryota",98.824,0,"genus","Gadus"
"210","ASV152","Hippoglossoides elassodon","Hippoglossoides","Pleuronectidae","Pleuronectiformes","Actinopteri","Chordata","Eukaryota",99.408,0,"family","Pleuronectidae"
"211","ASV152","Hippoglossoides robustus","Hippoglossoides","Pleuronectidae","Pleuronectiformes","Actinopteri","Chordata","Eukaryota",99.408,0,"family","Pleuronectidae"
"212","ASV152","Limanda sakhalinensis","Limanda","Pleuronectidae","Pleuronectiformes","Actinopteri","Chordata","Eukaryota",99.408,0,"family","Pleuronectidae"
"213","ASV153","Zaprora silenus","Zaprora","Zaproridae","Perciformes","Actinopteri","Chordata","Eukaryota",99.408,0,"species","Zaprora silenus"
"214","ASV155","Bathymaster leurolepis","Bathymaster","Bathymasteridae","Perciformes","Actinopteri","Chordata","Eukaryota",99.405,0,"genus","Bathymaster"
"215","ASV155","Bathymaster signatus","Bathymaster","Bathymasteridae","Perciformes","Actinopteri","Chordata","Eukaryota",99.405,0,"genus","Bathymaster"
"216","ASV156","Gadus chalcogrammus","Gadus","Gadidae","Gadiformes","Actinopteri","Chordata","Eukaryota",99.412,0,"species","Gadus chalcogrammus"
"217","ASV157","Acipenser fulvescens","Acipenser","Acipenseridae","Acipenseriformes","Actinopteri","Chordata","Eukaryota",98.333,0,"species","Acipenser fulvescens"
"218","ASV158","Gadus chalcogrammus","Gadus","Gadidae","Gadiformes","Actinopteri","Chordata","Eukaryota",98.824,0,"genus","Gadus"
"219","ASV158","Gadus macrocephalus","Gadus","Gadidae","Gadiformes","Actinopteri","Chordata","Eukaryota",98.235,0.588999999999999,"genus","Gadus"
"220","ASV159","Lycodes palearis","Lycodes","Zoarcidae","Perciformes","Actinopteri","Chordata","Eukaryota",99.405,0,"species","Lycodes palearis"
"221","ASV16","Bathymaster leurolepis","Bathymaster","Bathymasteridae","Perciformes","Actinopteri","Chordata","Eukaryota",100,0,"genus","Bathymaster"
"222","ASV16","Bathymaster signatus","Bathymaster","Bathymasteridae","Perciformes","Actinopteri","Chordata","Eukaryota",100,0,"genus","Bathymaster"
"223","ASV161","Triglops scepticus","Triglops","Cottidae","Perciformes","Actinopteri","Chordata","Eukaryota",97.633,0,"family","Cottidae"
"224","ASV161","Icelus spatula","Icelus","Cottidae","Perciformes","Actinopteri","Chordata","Eukaryota",97.619,0.0139999999999958,"family","Cottidae"
"225","ASV162","Gadus chalcogrammus","Gadus","Gadidae","Gadiformes","Actinopteri","Chordata","Eukaryota",96.45,0,"genus","Gadus"
"226","ASV162","Gadus macrocephalus","Gadus","Gadidae","Gadiformes","Actinopteri","Chordata","Eukaryota",96.45,0,"genus","Gadus"
"227","ASV163","Oncorhynchus keta","Oncorhynchus","Salmonidae","Salmoniformes","Actinopteri","Chordata","Eukaryota",99.408,0,"species","Oncorhynchus keta"
"228","ASV164","Acipenser fulvescens","Acipenser","Acipenseridae","Acipenseriformes","Actinopteri","Chordata","Eukaryota",98.333,0,"species","Acipenser fulvescens"
"229","ASV165","Homo sapiens","Homo","Hominidae","Primates","Mammalia","Chordata","Eukaryota",100,0,"species","Homo sapiens"
"230","ASV166","Acipenser fulvescens","Acipenser","Acipenseridae","Acipenseriformes","Actinopteri","Chordata","Eukaryota",98.889,0,"species","Acipenser fulvescens"
"231","ASV167","Clupea pallasii","Clupea","Clupeidae","Clupeiformes","Actinopteri","Chordata","Eukaryota",99.419,0,"species","Clupea pallasii"
"232","ASV168","Oncorhynchus gorbuscha","Oncorhynchus","Salmonidae","Salmoniformes","Actinopteri","Chordata","Eukaryota",100,0,"species","Oncorhynchus gorbuscha"
"233","ASV169","Gadus chalcogrammus","Gadus","Gadidae","Gadiformes","Actinopteri","Chordata","Eukaryota",98.824,0,"genus","Gadus"
"234","ASV169","Gadus macrocephalus","Gadus","Gadidae","Gadiformes","Actinopteri","Chordata","Eukaryota",98.824,0,"genus","Gadus"
"235","ASV17","Hippoglossus stenolepis","Hippoglossus","Pleuronectidae","Pleuronectiformes","Actinopteri","Chordata","Eukaryota",100,0,"species","Hippoglossus stenolepis"
"236","ASV170","Gadus chalcogrammus","Gadus","Gadidae","Gadiformes","Actinopteri","Chordata","Eukaryota",98.235,0,"genus","Gadus"
"237","ASV170","Gadus macrocephalus","Gadus","Gadidae","Gadiformes","Actinopteri","Chordata","Eukaryota",97.647,0.587999999999994,"genus","Gadus"
"238","ASV171","Oncorhynchus tshawytscha","Oncorhynchus","Salmonidae","Salmoniformes","Actinopteri","Chordata","Eukaryota",98.824,0,"species","Oncorhynchus tshawytscha"
"239","ASV172","Myoxocephalus jaok","Myoxocephalus","Cottidae","Perciformes","Actinopteri","Chordata","Eukaryota",97.633,0,"family","Cottidae"
"240","ASV172","Myoxocephalus polyacanthocephalus","Myoxocephalus","Cottidae","Perciformes","Actinopteri","Chordata","Eukaryota",97.633,0,"family","Cottidae"
"241","ASV172","Myoxocephalus stelleri","Myoxocephalus","Cottidae","Perciformes","Actinopteri","Chordata","Eukaryota",97.633,0,"family","Cottidae"
"242","ASV172","Argyrocottus zanderi","Argyrocottus","Cottidae","Perciformes","Actinopteri","Chordata","Eukaryota",97.041,0.591999999999999,"family","Cottidae"
"243","ASV172","Myoxocephalus quadricornis","Myoxocephalus","Cottidae","Perciformes","Actinopteri","Chordata","Eukaryota",97.041,0.591999999999999,"family","Cottidae"
"244","ASV172","Myoxocephalus scorpius","Myoxocephalus","Cottidae","Perciformes","Actinopteri","Chordata","Eukaryota",97.041,0.591999999999999,"family","Cottidae"
"245","ASV173","Oncorhynchus keta","Oncorhynchus","Salmonidae","Salmoniformes","Actinopteri","Chordata","Eukaryota",99.408,0,"species","Oncorhynchus keta"
"246","ASV174","Glyptocephalus zachirus","Glyptocephalus","Pleuronectidae","Pleuronectiformes","Actinopteri","Chordata","Eukaryota",99.408,0,"species","Glyptocephalus zachirus"
"247","ASV176","Atheresthes evermanni","Atheresthes","Pleuronectidae","Pleuronectiformes","Actinopteri","Chordata","Eukaryota",98.246,0,"genus","Atheresthes"
"248","ASV176","Atheresthes stomias","Atheresthes","Pleuronectidae","Pleuronectiformes","Actinopteri","Chordata","Eukaryota",98.246,0,"genus","Atheresthes"
"249","ASV177","Microgadus proximus","Microgadus","Gadidae","Gadiformes","Actinopteri","Chordata","Eukaryota",100,0,"species","Microgadus proximus"
"250","ASV178","Lycodes brevipes","Lycodes","Zoarcidae","Perciformes","Actinopteri","Chordata","Eukaryota",98.81,0,"species","Lycodes brevipes"
"251","ASV18","Lycodes brevipes","Lycodes","Zoarcidae","Perciformes","Actinopteri","Chordata","Eukaryota",99.405,0,"species","Lycodes brevipes"
"252","ASV180","Leptocottus armatus","Leptocottus","Cottidae","Perciformes","Actinopteri","Chordata","Eukaryota",97.633,0,"family","Cottidae"
"253","ASV180","Myoxocephalus jaok","Myoxocephalus","Cottidae","Perciformes","Actinopteri","Chordata","Eukaryota",97.633,0,"family","Cottidae"
"254","ASV180","Myoxocephalus polyacanthocephalus","Myoxocephalus","Cottidae","Perciformes","Actinopteri","Chordata","Eukaryota",97.633,0,"family","Cottidae"
"255","ASV180","Myoxocephalus stelleri","Myoxocephalus","Cottidae","Perciformes","Actinopteri","Chordata","Eukaryota",97.633,0,"family","Cottidae"
"256","ASV180","Taurocottus bergii","Taurocottus","Cottidae","Perciformes","Actinopteri","Chordata","Eukaryota",97.633,0,"family","Cottidae"
"257","ASV180","Triglops scepticus","Triglops","Cottidae","Perciformes","Actinopteri","Chordata","Eukaryota",97.633,0,"family","Cottidae"
"258","ASV180","Myoxocephalus quadricornis","Myoxocephalus","Cottidae","Perciformes","Actinopteri","Chordata","Eukaryota",97.041,0.591999999999999,"family","Cottidae"
"259","ASV180","Myoxocephalus scorpius","Myoxocephalus","Cottidae","Perciformes","Actinopteri","Chordata","Eukaryota",97.041,0.591999999999999,"family","Cottidae"
"260","ASV181","Careproctus rastrinus","Careproctus","Liparidae","Perciformes","Actinopteri","Chordata","Eukaryota",100,0,"species","Careproctus rastrinus"
"261","ASV182","Canis lupus","Canis","Canidae","Carnivora","Mammalia","Chordata","Eukaryota",100,0,"species","Canis lupus"
"262","ASV183","Gadus chalcogrammus","Gadus","Gadidae","Gadiformes","Actinopteri","Chordata","Eukaryota",98.235,0,"genus","Gadus"
"263","ASV183","Gadus macrocephalus","Gadus","Gadidae","Gadiformes","Actinopteri","Chordata","Eukaryota",98.235,0,"genus","Gadus"
"264","ASV185","Gasterosteus aculeatus","Gasterosteus","Gasterosteidae","Perciformes","Actinopteri","Chordata","Eukaryota",100,0,"species","Gasterosteus aculeatus"
"265","ASV186","Sebastes borealis","Sebastes","Sebastidae","Perciformes","Actinopteri","Chordata","Eukaryota",100,0,"genus","Sebastes"
"266","ASV186","Sebastes iracundus","Sebastes","Sebastidae","Perciformes","Actinopteri","Chordata","Eukaryota",100,0,"genus","Sebastes"
"267","ASV186","Sebastes saxicola","Sebastes","Sebastidae","Perciformes","Actinopteri","Chordata","Eukaryota",100,0,"genus","Sebastes"
"268","ASV186","Sebastes semicinctus","Sebastes","Sebastidae","Perciformes","Actinopteri","Chordata","Eukaryota",100,0,"genus","Sebastes"
"269","ASV187","Ammodytes personatus","Ammodytes","Ammodytidae","Uranoscopiformes","Actinopteri","Chordata","Eukaryota",100,0,"species","Ammodytes personatus"
"270","ASV188","Ptilichthys goodei","Ptilichthys","Ptilichthyidae","Perciformes","Actinopteri","Chordata","Eukaryota",100,0,"species","Ptilichthys goodei"
"271","ASV189","Myoxocephalus jaok","Myoxocephalus","Cottidae","Perciformes","Actinopteri","Chordata","Eukaryota",98.225,0,"genus","Myoxocephalus"
"272","ASV189","Myoxocephalus polyacanthocephalus","Myoxocephalus","Cottidae","Perciformes","Actinopteri","Chordata","Eukaryota",98.225,0,"genus","Myoxocephalus"
"273","ASV189","Myoxocephalus stelleri","Myoxocephalus","Cottidae","Perciformes","Actinopteri","Chordata","Eukaryota",98.225,0,"genus","Myoxocephalus"
"274","ASV189","Myoxocephalus quadricornis","Myoxocephalus","Cottidae","Perciformes","Actinopteri","Chordata","Eukaryota",97.633,0.591999999999999,"genus","Myoxocephalus"
"275","ASV189","Myoxocephalus scorpius","Myoxocephalus","Cottidae","Perciformes","Actinopteri","Chordata","Eukaryota",97.633,0.591999999999999,"genus","Myoxocephalus"
"276","ASV19","Gadus chalcogrammus","Gadus","Gadidae","Gadiformes","Actinopteri","Chordata","Eukaryota",99.412,0,"genus","Gadus"
"277","ASV19","Gadus macrocephalus","Gadus","Gadidae","Gadiformes","Actinopteri","Chordata","Eukaryota",99.412,0,"genus","Gadus"
"278","ASV191","Sebastolobus alascanus","Sebastolobus","Sebastidae","Perciformes","Actinopteri","Chordata","Eukaryota",99.405,0,"genus","Sebastolobus"
"279","ASV191","Sebastolobus altivelis","Sebastolobus","Sebastidae","Perciformes","Actinopteri","Chordata","Eukaryota",99.405,0,"genus","Sebastolobus"
"280","ASV191","Sebastolobus macrochir","Sebastolobus","Sebastidae","Perciformes","Actinopteri","Chordata","Eukaryota",99.405,0,"genus","Sebastolobus"
"281","ASV192","Dasycottus setiger","Dasycottus","Psychrolutidae","Perciformes","Actinopteri","Chordata","Eukaryota",100,0,"species","Dasycottus setiger"
"282","ASV193","Gadus chalcogrammus","Gadus","Gadidae","Gadiformes","Actinopteri","Chordata","Eukaryota",97.647,0,"genus","Gadus"
"283","ASV193","Gadus macrocephalus","Gadus","Gadidae","Gadiformes","Actinopteri","Chordata","Eukaryota",97.059,0.588000000000008,"genus","Gadus"
"284","ASV195","Clupea pallasii","Clupea","Clupeidae","Clupeiformes","Actinopteri","Chordata","Eukaryota",98.837,0,"species","Clupea pallasii"
"285","ASV197","Myoxocephalus jaok","Myoxocephalus","Cottidae","Perciformes","Actinopteri","Chordata","Eukaryota",97.633,0,"genus","Myoxocephalus"
"286","ASV197","Myoxocephalus polyacanthocephalus","Myoxocephalus","Cottidae","Perciformes","Actinopteri","Chordata","Eukaryota",97.633,0,"genus","Myoxocephalus"
"287","ASV197","Myoxocephalus stelleri","Myoxocephalus","Cottidae","Perciformes","Actinopteri","Chordata","Eukaryota",97.633,0,"genus","Myoxocephalus"
"288","ASV197","Myoxocephalus quadricornis","Myoxocephalus","Cottidae","Perciformes","Actinopteri","Chordata","Eukaryota",97.041,0.591999999999999,"genus","Myoxocephalus"
"289","ASV197","Myoxocephalus scorpius","Myoxocephalus","Cottidae","Perciformes","Actinopteri","Chordata","Eukaryota",97.041,0.591999999999999,"genus","Myoxocephalus"
"290","ASV198","Homo sapiens","Homo","Hominidae","Primates","Mammalia","Chordata","Eukaryota",96.491,0,"genus","Homo"
"291","ASV199","Atheresthes stomias","Atheresthes","Pleuronectidae","Pleuronectiformes","Actinopteri","Chordata","Eukaryota",97.661,0,"genus","Atheresthes"
"292","ASV199","Atheresthes evermanni","Atheresthes","Pleuronectidae","Pleuronectiformes","Actinopteri","Chordata","Eukaryota",97.076,0.585000000000008,"genus","Atheresthes"
"293","ASV2","Lycodes brevipes","Lycodes","Zoarcidae","Perciformes","Actinopteri","Chordata","Eukaryota",100,0,"species","Lycodes brevipes"
"294","ASV20","Atheresthes evermanni","Atheresthes","Pleuronectidae","Pleuronectiformes","Actinopteri","Chordata","Eukaryota",100,0,"species","Atheresthes evermanni"
"295","ASV203","Lycodes brevipes","Lycodes","Zoarcidae","Perciformes","Actinopteri","Chordata","Eukaryota",97.024,0,"genus","Lycodes"
"296","ASV207","Sus scrofa","Sus","Suidae","Artiodactyla","Mammalia","Chordata","Eukaryota",100,0,"species","Sus scrofa"
"297","ASV208","Hemilepidotus hemilepidotus","Hemilepidotus","Cottidae","Perciformes","Actinopteri","Chordata","Eukaryota",97.041,0,"order","Perciformes"
"298","ASV208","Hemilepidotus spinosus","Hemilepidotus","Cottidae","Perciformes","Actinopteri","Chordata","Eukaryota",97.041,0,"order","Perciformes"
"299","ASV208","Hemitripterus bolini","Hemitripterus","Agonidae","Perciformes","Actinopteri","Chordata","Eukaryota",97.041,0,"order","Perciformes"
"300","ASV208","Hemilepidotus jordani","Hemilepidotus","Cottidae","Perciformes","Actinopteri","Chordata","Eukaryota",96.45,0.590999999999994,"order","Perciformes"
"301","ASV208","Hemilepidotus papilio","Hemilepidotus","Cottidae","Perciformes","Actinopteri","Chordata","Eukaryota",96.45,0.590999999999994,"order","Perciformes"
"302","ASV21","Gadus chalcogrammus","Gadus","Gadidae","Gadiformes","Actinopteri","Chordata","Eukaryota",100,0,"species","Gadus chalcogrammus"
"303","ASV210","Atheresthes evermanni","Atheresthes","Pleuronectidae","Pleuronectiformes","Actinopteri","Chordata","Eukaryota",97.076,0,"genus","Atheresthes"
"304","ASV210","Atheresthes stomias","Atheresthes","Pleuronectidae","Pleuronectiformes","Actinopteri","Chordata","Eukaryota",97.076,0,"genus","Atheresthes"
"305","ASV211","Atheresthes evermanni","Atheresthes","Pleuronectidae","Pleuronectiformes","Actinopteri","Chordata","Eukaryota",96.491,0,"genus","Atheresthes"
"306","ASV211","Atheresthes stomias","Atheresthes","Pleuronectidae","Pleuronectiformes","Actinopteri","Chordata","Eukaryota",96.491,0,"genus","Atheresthes"
"307","ASV213","Atheresthes evermanni","Atheresthes","Pleuronectidae","Pleuronectiformes","Actinopteri","Chordata","Eukaryota",97.076,0,"genus","Atheresthes"
"308","ASV213","Atheresthes stomias","Atheresthes","Pleuronectidae","Pleuronectiformes","Actinopteri","Chordata","Eukaryota",97.076,0,"genus","Atheresthes"
"309","ASV216","Atheresthes evermanni","Atheresthes","Pleuronectidae","Pleuronectiformes","Actinopteri","Chordata","Eukaryota",98.83,0,"genus","Atheresthes"
"310","ASV216","Atheresthes stomias","Atheresthes","Pleuronectidae","Pleuronectiformes","Actinopteri","Chordata","Eukaryota",98.83,0,"genus","Atheresthes"
"311","ASV218","Atheresthes evermanni","Atheresthes","Pleuronectidae","Pleuronectiformes","Actinopteri","Chordata","Eukaryota",99.415,0,"species","Atheresthes evermanni"
"312","ASV219","Bathyraja diplotaenia","Bathyraja","Arhynchobatidae","Rajiformes","Chondrichthyes","Chordata","Eukaryota",100,0,"genus","Bathyraja"
"313","ASV219","Bathyraja parmifera","Bathyraja","Arhynchobatidae","Rajiformes","Chondrichthyes","Chordata","Eukaryota",100,0,"genus","Bathyraja"
"314","ASV22","Gadus macrocephalus","Gadus","Gadidae","Gadiformes","Actinopteri","Chordata","Eukaryota",100,0,"species","Gadus macrocephalus"
"315","ASV220","Canis lupus","Canis","Canidae","Carnivora","Mammalia","Chordata","Eukaryota",100,0,"species","Canis lupus"
"316","ASV227","Gadus chalcogrammus","Gadus","Gadidae","Gadiformes","Actinopteri","Chordata","Eukaryota",96.491,0,"genus","Gadus"
"317","ASV23","Homo sapiens","Homo","Hominidae","Primates","Mammalia","Chordata","Eukaryota",100,0,"species","Homo sapiens"
"318","ASV24","Lycodes palearis","Lycodes","Zoarcidae","Perciformes","Actinopteri","Chordata","Eukaryota",99.405,0,"species","Lycodes palearis"
"319","ASV26","Hemilepidotus jordani","Hemilepidotus","Cottidae","Perciformes","Actinopteri","Chordata","Eukaryota",100,0,"genus","Hemilepidotus"
"320","ASV26","Hemilepidotus papilio","Hemilepidotus","Cottidae","Perciformes","Actinopteri","Chordata","Eukaryota",100,0,"genus","Hemilepidotus"
"321","ASV27","Lepidopsetta bilineata","Lepidopsetta","Pleuronectidae","Pleuronectiformes","Actinopteri","Chordata","Eukaryota",100,0,"genus","Lepidopsetta"
"322","ASV27","Lepidopsetta polyxystra","Lepidopsetta","Pleuronectidae","Pleuronectiformes","Actinopteri","Chordata","Eukaryota",100,0,"genus","Lepidopsetta"
"323","ASV28","Gadus chalcogrammus","Gadus","Gadidae","Gadiformes","Actinopteri","Chordata","Eukaryota",99.412,0,"genus","Gadus"
"324","ASV28","Gadus macrocephalus","Gadus","Gadidae","Gadiformes","Actinopteri","Chordata","Eukaryota",99.408,0.00400000000000489,"genus","Gadus"
"325","ASV29","Pleuronectes quadrituberculatus","Pleuronectes","Pleuronectidae","Pleuronectiformes","Actinopteri","Chordata","Eukaryota",100,0,"species","Pleuronectes quadrituberculatus"
"326","ASV3","Atheresthes evermanni","Atheresthes","Pleuronectidae","Pleuronectiformes","Actinopteri","Chordata","Eukaryota",100,0,"genus","Atheresthes"
"327","ASV3","Atheresthes stomias","Atheresthes","Pleuronectidae","Pleuronectiformes","Actinopteri","Chordata","Eukaryota",100,0,"genus","Atheresthes"
"328","ASV30","Glyptocephalus zachirus","Glyptocephalus","Pleuronectidae","Pleuronectiformes","Actinopteri","Chordata","Eukaryota",99.408,0,"species","Glyptocephalus zachirus"
"329","ASV31","Hemitripterus bolini","Hemitripterus","Agonidae","Perciformes","Actinopteri","Chordata","Eukaryota",100,0,"species","Hemitripterus bolini"
"330","ASV32","Gadus chalcogrammus","Gadus","Gadidae","Gadiformes","Actinopteri","Chordata","Eukaryota",99.412,0,"species","Gadus chalcogrammus"
"331","ASV33","Triglops scepticus","Triglops","Cottidae","Perciformes","Actinopteri","Chordata","Eukaryota",100,0,"species","Triglops scepticus"
"332","ASV34","Bison bonasus","Bison","Bovidae","Artiodactyla","Mammalia","Chordata","Eukaryota",100,0,"family","Bovidae"
"333","ASV34","Bos indicus","Bos","Bovidae","Artiodactyla","Mammalia","Chordata","Eukaryota",100,0,"family","Bovidae"
"334","ASV34","Bos javanicus","Bos","Bovidae","Artiodactyla","Mammalia","Chordata","Eukaryota",100,0,"family","Bovidae"
"335","ASV34","Bos primigenius","Bos","Bovidae","Artiodactyla","Mammalia","Chordata","Eukaryota",100,0,"family","Bovidae"
"336","ASV34","Bos taurus","Bos","Bovidae","Artiodactyla","Mammalia","Chordata","Eukaryota",100,0,"family","Bovidae"
"337","ASV35","Gadus chalcogrammus","Gadus","Gadidae","Gadiformes","Actinopteri","Chordata","Eukaryota",99.412,0,"species","Gadus chalcogrammus"
"338","ASV36","Gadus chalcogrammus","Gadus","Gadidae","Gadiformes","Actinopteri","Chordata","Eukaryota",99.412,0,"species","Gadus chalcogrammus"
"339","ASV37","Gadus chalcogrammus","Gadus","Gadidae","Gadiformes","Actinopteri","Chordata","Eukaryota",99.408,0,"genus","Gadus"
"340","ASV37","Gadus macrocephalus","Gadus","Gadidae","Gadiformes","Actinopteri","Chordata","Eukaryota",99.408,0,"genus","Gadus"
"341","ASV38","Gadus chalcogrammus","Gadus","Gadidae","Gadiformes","Actinopteri","Chordata","Eukaryota",98.824,0,"genus","Gadus"
"342","ASV38","Gadus macrocephalus","Gadus","Gadidae","Gadiformes","Actinopteri","Chordata","Eukaryota",98.824,0,"genus","Gadus"
"343","ASV39","Oncorhynchus keta","Oncorhynchus","Salmonidae","Salmoniformes","Actinopteri","Chordata","Eukaryota",100,0,"species","Oncorhynchus keta"
"344","ASV4","Gadus chalcogrammus","Gadus","Gadidae","Gadiformes","Actinopteri","Chordata","Eukaryota",100,0,"species","Gadus chalcogrammus"
"345","ASV40","Hippoglossoides elassodon","Hippoglossoides","Pleuronectidae","Pleuronectiformes","Actinopteri","Chordata","Eukaryota",99.408,0,"family","Pleuronectidae"
"346","ASV40","Hippoglossoides robustus","Hippoglossoides","Pleuronectidae","Pleuronectiformes","Actinopteri","Chordata","Eukaryota",99.408,0,"family","Pleuronectidae"
"347","ASV40","Limanda sakhalinensis","Limanda","Pleuronectidae","Pleuronectiformes","Actinopteri","Chordata","Eukaryota",99.408,0,"family","Pleuronectidae"
"348","ASV41","Acipenser fulvescens","Acipenser","Acipenseridae","Acipenseriformes","Actinopteri","Chordata","Eukaryota",98.889,0,"species","Acipenser fulvescens"
"349","ASV42","Gadus chalcogrammus","Gadus","Gadidae","Gadiformes","Actinopteri","Chordata","Eukaryota",99.412,0,"species","Gadus chalcogrammus"
"350","ASV43","Reinhardtius hippoglossoides","Reinhardtius","Pleuronectidae","Pleuronectiformes","Actinopteri","Chordata","Eukaryota",100,0,"species","Reinhardtius hippoglossoides"
"351","ASV44","Gadus chalcogrammus","Gadus","Gadidae","Gadiformes","Actinopteri","Chordata","Eukaryota",99.412,0,"species","Gadus chalcogrammus"
"352","ASV45","Lycodes brevipes","Lycodes","Zoarcidae","Perciformes","Actinopteri","Chordata","Eukaryota",99.405,0,"species","Lycodes brevipes"
"353","ASV46","Atheresthes evermanni","Atheresthes","Pleuronectidae","Pleuronectiformes","Actinopteri","Chordata","Eukaryota",99.415,0,"genus","Atheresthes"
"354","ASV46","Atheresthes stomias","Atheresthes","Pleuronectidae","Pleuronectiformes","Actinopteri","Chordata","Eukaryota",99.415,0,"genus","Atheresthes"
"355","ASV47","Gadus chalcogrammus","Gadus","Gadidae","Gadiformes","Actinopteri","Chordata","Eukaryota",99.412,0,"species","Gadus chalcogrammus"
"356","ASV48","Gadus chalcogrammus","Gadus","Gadidae","Gadiformes","Actinopteri","Chordata","Eukaryota",99.412,0,"family","Gadidae"
"357","ASV48","Boreogadus saida","Boreogadus","Gadidae","Gadiformes","Actinopteri","Chordata","Eukaryota",99.408,0.00400000000000489,"family","Gadidae"
"358","ASV48","Gadus macrocephalus","Gadus","Gadidae","Gadiformes","Actinopteri","Chordata","Eukaryota",99.408,0.00400000000000489,"family","Gadidae"
"359","ASV49","Atheresthes evermanni","Atheresthes","Pleuronectidae","Pleuronectiformes","Actinopteri","Chordata","Eukaryota",99.415,0,"genus","Atheresthes"
"360","ASV49","Atheresthes stomias","Atheresthes","Pleuronectidae","Pleuronectiformes","Actinopteri","Chordata","Eukaryota",99.415,0,"genus","Atheresthes"
"361","ASV5","Hippoglossoides elassodon","Hippoglossoides","Pleuronectidae","Pleuronectiformes","Actinopteri","Chordata","Eukaryota",100,0,"family","Pleuronectidae"
"362","ASV5","Hippoglossoides robustus","Hippoglossoides","Pleuronectidae","Pleuronectiformes","Actinopteri","Chordata","Eukaryota",100,0,"family","Pleuronectidae"
"363","ASV5","Limanda sakhalinensis","Limanda","Pleuronectidae","Pleuronectiformes","Actinopteri","Chordata","Eukaryota",100,0,"family","Pleuronectidae"
"364","ASV50","Glyptocephalus zachirus","Glyptocephalus","Pleuronectidae","Pleuronectiformes","Actinopteri","Chordata","Eukaryota",100,0,"species","Glyptocephalus zachirus"
"365","ASV51","Lycodes brevipes","Lycodes","Zoarcidae","Perciformes","Actinopteri","Chordata","Eukaryota",99.405,0,"species","Lycodes brevipes"
"366","ASV52","Gadus chalcogrammus","Gadus","Gadidae","Gadiformes","Actinopteri","Chordata","Eukaryota",99.412,0,"genus","Gadus"
"367","ASV52","Gadus macrocephalus","Gadus","Gadidae","Gadiformes","Actinopteri","Chordata","Eukaryota",99.412,0,"genus","Gadus"
"368","ASV53","Sarritor leptorhynchus","Sarritor","Agonidae","Perciformes","Actinopteri","Chordata","Eukaryota",100,0,"species","Sarritor leptorhynchus"
"369","ASV54","Gadus chalcogrammus","Gadus","Gadidae","Gadiformes","Actinopteri","Chordata","Eukaryota",99.412,0,"species","Gadus chalcogrammus"
"370","ASV55","Gadus chalcogrammus","Gadus","Gadidae","Gadiformes","Actinopteri","Chordata","Eukaryota",98.83,0,"genus","Gadus"
"371","ASV55","Gadus macrocephalus","Gadus","Gadidae","Gadiformes","Actinopteri","Chordata","Eukaryota",98.246,0.584000000000003,"genus","Gadus"
"372","ASV56","Lycodes brevipes","Lycodes","Zoarcidae","Perciformes","Actinopteri","Chordata","Eukaryota",99.405,0,"species","Lycodes brevipes"
"373","ASV57","Gadus chalcogrammus","Gadus","Gadidae","Gadiformes","Actinopteri","Chordata","Eukaryota",99.412,0,"species","Gadus chalcogrammus"
"374","ASV58","Gadus chalcogrammus","Gadus","Gadidae","Gadiformes","Actinopteri","Chordata","Eukaryota",99.412,0,"species","Gadus chalcogrammus"
"375","ASV59","Limanda aspera","Limanda","Pleuronectidae","Pleuronectiformes","Actinopteri","Chordata","Eukaryota",100,0,"species","Limanda aspera"
"376","ASV6","Gadus chalcogrammus","Gadus","Gadidae","Gadiformes","Actinopteri","Chordata","Eukaryota",100,0,"species","Gadus chalcogrammus"
"377","ASV60","Myoxocephalus jaok","Myoxocephalus","Cottidae","Perciformes","Actinopteri","Chordata","Eukaryota",99.408,0,"genus","Myoxocephalus"
"378","ASV60","Myoxocephalus polyacanthocephalus","Myoxocephalus","Cottidae","Perciformes","Actinopteri","Chordata","Eukaryota",99.408,0,"genus","Myoxocephalus"
"379","ASV60","Myoxocephalus stelleri","Myoxocephalus","Cottidae","Perciformes","Actinopteri","Chordata","Eukaryota",99.408,0,"genus","Myoxocephalus"
"380","ASV61","Clupea pallasii","Clupea","Clupeidae","Clupeiformes","Actinopteri","Chordata","Eukaryota",99.419,0,"species","Clupea pallasii"
"381","ASV62","Hemilepidotus jordani","Hemilepidotus","Cottidae","Perciformes","Actinopteri","Chordata","Eukaryota",99.408,0,"genus","Hemilepidotus"
"382","ASV62","Hemilepidotus papilio","Hemilepidotus","Cottidae","Perciformes","Actinopteri","Chordata","Eukaryota",99.408,0,"genus","Hemilepidotus"
"383","ASV63","Hemilepidotus jordani","Hemilepidotus","Cottidae","Perciformes","Actinopteri","Chordata","Eukaryota",99.408,0,"genus","Hemilepidotus"
"384","ASV63","Hemilepidotus papilio","Hemilepidotus","Cottidae","Perciformes","Actinopteri","Chordata","Eukaryota",99.408,0,"genus","Hemilepidotus"
"385","ASV64","Bathyagonus alascanus","Bathyagonus","Agonidae","Perciformes","Actinopteri","Chordata","Eukaryota",99.408,0,"genus","Bathyagonus"
"386","ASV64","Bathyagonus infraspinatus","Bathyagonus","Agonidae","Perciformes","Actinopteri","Chordata","Eukaryota",99.408,0,"genus","Bathyagonus"
"387","ASV65","Gadus chalcogrammus","Gadus","Gadidae","Gadiformes","Actinopteri","Chordata","Eukaryota",99.412,0,"species","Gadus chalcogrammus"
"388","ASV66","Malacocottus gibber","Malacocottus","Psychrolutidae","Perciformes","Actinopteri","Chordata","Eukaryota",100,0,"genus","Malacocottus"
"389","ASV66","Malacocottus kincaidi","Malacocottus","Psychrolutidae","Perciformes","Actinopteri","Chordata","Eukaryota",100,0,"genus","Malacocottus"
"390","ASV66","Malacocottus zonurus","Malacocottus","Psychrolutidae","Perciformes","Actinopteri","Chordata","Eukaryota",100,0,"genus","Malacocottus"
"391","ASV67","Gadus chalcogrammus","Gadus","Gadidae","Gadiformes","Actinopteri","Chordata","Eukaryota",99.412,0,"species","Gadus chalcogrammus"
"392","ASV68","Gadus chalcogrammus","Gadus","Gadidae","Gadiformes","Actinopteri","Chordata","Eukaryota",99.412,0,"species","Gadus chalcogrammus"
"393","ASV69","Atheresthes evermanni","Atheresthes","Pleuronectidae","Pleuronectiformes","Actinopteri","Chordata","Eukaryota",99.415,0,"genus","Atheresthes"
"394","ASV69","Atheresthes stomias","Atheresthes","Pleuronectidae","Pleuronectiformes","Actinopteri","Chordata","Eukaryota",99.415,0,"genus","Atheresthes"
"395","ASV7","Gadus chalcogrammus","Gadus","Gadidae","Gadiformes","Actinopteri","Chordata","Eukaryota",100,0,"genus","Gadus"
"396","ASV7","Gadus macrocephalus","Gadus","Gadidae","Gadiformes","Actinopteri","Chordata","Eukaryota",100,0,"genus","Gadus"
"397","ASV70","Lycodes brevipes","Lycodes","Zoarcidae","Perciformes","Actinopteri","Chordata","Eukaryota",99.405,0,"species","Lycodes brevipes"
"398","ASV71","Lepidopsetta bilineata","Lepidopsetta","Pleuronectidae","Pleuronectiformes","Actinopteri","Chordata","Eukaryota",99.408,0,"genus","Lepidopsetta"
"399","ASV71","Lepidopsetta polyxystra","Lepidopsetta","Pleuronectidae","Pleuronectiformes","Actinopteri","Chordata","Eukaryota",99.408,0,"genus","Lepidopsetta"
"400","ASV72","Gadus chalcogrammus","Gadus","Gadidae","Gadiformes","Actinopteri","Chordata","Eukaryota",99.412,0,"species","Gadus chalcogrammus"
"401","ASV73","Gadus chalcogrammus","Gadus","Gadidae","Gadiformes","Actinopteri","Chordata","Eukaryota",99.412,0,"species","Gadus chalcogrammus"
"402","ASV74","Triglops scepticus","Triglops","Cottidae","Perciformes","Actinopteri","Chordata","Eukaryota",99.408,0,"species","Triglops scepticus"
"403","ASV75","Gadus macrocephalus","Gadus","Gadidae","Gadiformes","Actinopteri","Chordata","Eukaryota",100,0,"species","Gadus macrocephalus"
"404","ASV77","Gadus chalcogrammus","Gadus","Gadidae","Gadiformes","Actinopteri","Chordata","Eukaryota",99.412,0,"genus","Gadus"
"405","ASV77","Gadus macrocephalus","Gadus","Gadidae","Gadiformes","Actinopteri","Chordata","Eukaryota",99.412,0,"genus","Gadus"
"406","ASV78","Lycodes palearis","Lycodes","Zoarcidae","Perciformes","Actinopteri","Chordata","Eukaryota",99.405,0,"species","Lycodes palearis"
"407","ASV79","Leptagonus decagonus","Leptagonus","Agonidae","Perciformes","Actinopteri","Chordata","Eukaryota",100,0,"family","Agonidae"
"408","ASV79","Sarritor frenatus","Sarritor","Agonidae","Perciformes","Actinopteri","Chordata","Eukaryota",100,0,"family","Agonidae"
"409","ASV8","Sebastes aleutianus","Sebastes","Sebastidae","Perciformes","Actinopteri","Chordata","Eukaryota",100,0,"genus","Sebastes"
"410","ASV8","Sebastes alutus","Sebastes","Sebastidae","Perciformes","Actinopteri","Chordata","Eukaryota",100,0,"genus","Sebastes"
"411","ASV8","Sebastes babcocki","Sebastes","Sebastidae","Perciformes","Actinopteri","Chordata","Eukaryota",100,0,"genus","Sebastes"
"412","ASV8","Sebastes baramenuke","Sebastes","Sebastidae","Perciformes","Actinopteri","Chordata","Eukaryota",100,0,"genus","Sebastes"
"413","ASV8","Sebastes brevispinis","Sebastes","Sebastidae","Perciformes","Actinopteri","Chordata","Eukaryota",100,0,"genus","Sebastes"
"414","ASV8","Sebastes constellatus","Sebastes","Sebastidae","Perciformes","Actinopteri","Chordata","Eukaryota",100,0,"genus","Sebastes"
"415","ASV8","Sebastes elongatus","Sebastes","Sebastidae","Perciformes","Actinopteri","Chordata","Eukaryota",100,0,"genus","Sebastes"
"416","ASV8","Sebastes emphaeus","Sebastes","Sebastidae","Perciformes","Actinopteri","Chordata","Eukaryota",100,0,"genus","Sebastes"
"417","ASV8","Sebastes eos","Sebastes","Sebastidae","Perciformes","Actinopteri","Chordata","Eukaryota",100,0,"genus","Sebastes"
"418","ASV8","Sebastes exsul","Sebastes","Sebastidae","Perciformes","Actinopteri","Chordata","Eukaryota",100,0,"genus","Sebastes"
"419","ASV8","Sebastes flavidus","Sebastes","Sebastidae","Perciformes","Actinopteri","Chordata","Eukaryota",100,0,"genus","Sebastes"
"420","ASV8","Sebastes goodei","Sebastes","Sebastidae","Perciformes","Actinopteri","Chordata","Eukaryota",100,0,"genus","Sebastes"
"421","ASV8","Sebastes helvomaculatus","Sebastes","Sebastidae","Perciformes","Actinopteri","Chordata","Eukaryota",100,0,"genus","Sebastes"
"422","ASV8","Sebastes inermis","Sebastes","Sebastidae","Perciformes","Actinopteri","Chordata","Eukaryota",100,0,"genus","Sebastes"
"423","ASV8","Sebastes joyneri","Sebastes","Sebastidae","Perciformes","Actinopteri","Chordata","Eukaryota",100,0,"genus","Sebastes"
"424","ASV8","Sebastes longispinis","Sebastes","Sebastidae","Perciformes","Actinopteri","Chordata","Eukaryota",100,0,"genus","Sebastes"
"425","ASV8","Sebastes melanops","Sebastes","Sebastidae","Perciformes","Actinopteri","Chordata","Eukaryota",100,0,"genus","Sebastes"
"426","ASV8","Sebastes miniatus","Sebastes","Sebastidae","Perciformes","Actinopteri","Chordata","Eukaryota",100,0,"genus","Sebastes"
"427","ASV8","Sebastes oculatus","Sebastes","Sebastidae","Perciformes","Actinopteri","Chordata","Eukaryota",100,0,"genus","Sebastes"
"428","ASV8","Sebastes ovalis","Sebastes","Sebastidae","Perciformes","Actinopteri","Chordata","Eukaryota",100,0,"genus","Sebastes"
"429","ASV8","Sebastes owstoni","Sebastes","Sebastidae","Perciformes","Actinopteri","Chordata","Eukaryota",100,0,"genus","Sebastes"
"430","ASV8","Sebastes pachycephalus","Sebastes","Sebastidae","Perciformes","Actinopteri","Chordata","Eukaryota",100,0,"genus","Sebastes"
"431","ASV8","Sebastes phillipsi","Sebastes","Sebastidae","Perciformes","Actinopteri","Chordata","Eukaryota",100,0,"genus","Sebastes"
"432","ASV8","Sebastes pinniger","Sebastes","Sebastidae","Perciformes","Actinopteri","Chordata","Eukaryota",100,0,"genus","Sebastes"
"433","ASV8","Sebastes proriger","Sebastes","Sebastidae","Perciformes","Actinopteri","Chordata","Eukaryota",100,0,"genus","Sebastes"
"434","ASV8","Sebastes rosaceus","Sebastes","Sebastidae","Perciformes","Actinopteri","Chordata","Eukaryota",100,0,"genus","Sebastes"
"435","ASV8","Sebastes rosenblatti","Sebastes","Sebastidae","Perciformes","Actinopteri","Chordata","Eukaryota",100,0,"genus","Sebastes"
"436","ASV8","Sebastes ruberrimus","Sebastes","Sebastidae","Perciformes","Actinopteri","Chordata","Eukaryota",100,0,"genus","Sebastes"
"437","ASV8","Sebastes rubrivinctus","Sebastes","Sebastidae","Perciformes","Actinopteri","Chordata","Eukaryota",100,0,"genus","Sebastes"
"438","ASV8","Sebastes schlegelii","Sebastes","Sebastidae","Perciformes","Actinopteri","Chordata","Eukaryota",100,0,"genus","Sebastes"
"439","ASV8","Sebastes serriceps","Sebastes","Sebastidae","Perciformes","Actinopteri","Chordata","Eukaryota",100,0,"genus","Sebastes"
"440","ASV8","Sebastes simulator","Sebastes","Sebastidae","Perciformes","Actinopteri","Chordata","Eukaryota",100,0,"genus","Sebastes"
"441","ASV8","Sebastes steindachneri","Sebastes","Sebastidae","Perciformes","Actinopteri","Chordata","Eukaryota",100,0,"genus","Sebastes"
"442","ASV8","Sebastes taczanowskii","Sebastes","Sebastidae","Perciformes","Actinopteri","Chordata","Eukaryota",100,0,"genus","Sebastes"
"443","ASV8","Sebastes thompsoni","Sebastes","Sebastidae","Perciformes","Actinopteri","Chordata","Eukaryota",100,0,"genus","Sebastes"
"444","ASV8","Sebastes variegatus","Sebastes","Sebastidae","Perciformes","Actinopteri","Chordata","Eukaryota",100,0,"genus","Sebastes"
"445","ASV8","Sebastes wakiyai","Sebastes","Sebastidae","Perciformes","Actinopteri","Chordata","Eukaryota",100,0,"genus","Sebastes"
"446","ASV8","Sebastes wilsoni","Sebastes","Sebastidae","Perciformes","Actinopteri","Chordata","Eukaryota",100,0,"genus","Sebastes"
"447","ASV8","Sebastes zacentrus","Sebastes","Sebastidae","Perciformes","Actinopteri","Chordata","Eukaryota",100,0,"genus","Sebastes"
"448","ASV80","Clupea pallasii","Clupea","Clupeidae","Clupeiformes","Actinopteri","Chordata","Eukaryota",99.419,0,"species","Clupea pallasii"
"449","ASV81","Atheresthes evermanni","Atheresthes","Pleuronectidae","Pleuronectiformes","Actinopteri","Chordata","Eukaryota",99.415,0,"genus","Atheresthes"
"450","ASV81","Atheresthes stomias","Atheresthes","Pleuronectidae","Pleuronectiformes","Actinopteri","Chordata","Eukaryota",99.415,0,"genus","Atheresthes"
"451","ASV82","Atheresthes evermanni","Atheresthes","Pleuronectidae","Pleuronectiformes","Actinopteri","Chordata","Eukaryota",99.415,0,"species","Atheresthes evermanni"
"452","ASV83","Gadus chalcogrammus","Gadus","Gadidae","Gadiformes","Actinopteri","Chordata","Eukaryota",99.412,0,"species","Gadus chalcogrammus"
"453","ASV84","Atheresthes evermanni","Atheresthes","Pleuronectidae","Pleuronectiformes","Actinopteri","Chordata","Eukaryota",99.415,0,"genus","Atheresthes"
"454","ASV84","Atheresthes stomias","Atheresthes","Pleuronectidae","Pleuronectiformes","Actinopteri","Chordata","Eukaryota",99.415,0,"genus","Atheresthes"
"455","ASV85","Clupea pallasii","Clupea","Clupeidae","Clupeiformes","Actinopteri","Chordata","Eukaryota",99.419,0,"species","Clupea pallasii"
"456","ASV86","Platichthys stellatus","Platichthys","Pleuronectidae","Pleuronectiformes","Actinopteri","Chordata","Eukaryota",100,0,"species","Platichthys stellatus"
"457","ASV87","Atheresthes evermanni","Atheresthes","Pleuronectidae","Pleuronectiformes","Actinopteri","Chordata","Eukaryota",99.415,0,"species","Atheresthes evermanni"
"458","ASV88","Gadus chalcogrammus","Gadus","Gadidae","Gadiformes","Actinopteri","Chordata","Eukaryota",99.412,0,"species","Gadus chalcogrammus"
"459","ASV89","Hippoglossoides elassodon","Hippoglossoides","Pleuronectidae","Pleuronectiformes","Actinopteri","Chordata","Eukaryota",99.408,0,"family","Pleuronectidae"
"460","ASV89","Hippoglossoides robustus","Hippoglossoides","Pleuronectidae","Pleuronectiformes","Actinopteri","Chordata","Eukaryota",99.408,0,"family","Pleuronectidae"
"461","ASV89","Limanda sakhalinensis","Limanda","Pleuronectidae","Pleuronectiformes","Actinopteri","Chordata","Eukaryota",99.408,0,"family","Pleuronectidae"
"462","ASV9","Myoxocephalus jaok","Myoxocephalus","Cottidae","Perciformes","Actinopteri","Chordata","Eukaryota",100,0,"genus","Myoxocephalus"
"463","ASV9","Myoxocephalus polyacanthocephalus","Myoxocephalus","Cottidae","Perciformes","Actinopteri","Chordata","Eukaryota",100,0,"genus","Myoxocephalus"
"464","ASV9","Myoxocephalus stelleri","Myoxocephalus","Cottidae","Perciformes","Actinopteri","Chordata","Eukaryota",100,0,"genus","Myoxocephalus"
"465","ASV90","Atheresthes evermanni","Atheresthes","Pleuronectidae","Pleuronectiformes","Actinopteri","Chordata","Eukaryota",99.415,0,"genus","Atheresthes"
"466","ASV90","Atheresthes stomias","Atheresthes","Pleuronectidae","Pleuronectiformes","Actinopteri","Chordata","Eukaryota",99.415,0,"genus","Atheresthes"
"467","ASV91","Lycodes brevipes","Lycodes","Zoarcidae","Perciformes","Actinopteri","Chordata","Eukaryota",99.405,0,"species","Lycodes brevipes"
"468","ASV92","Gadus chalcogrammus","Gadus","Gadidae","Gadiformes","Actinopteri","Chordata","Eukaryota",99.412,0,"species","Gadus chalcogrammus"
"469","ASV93","Myoxocephalus jaok","Myoxocephalus","Cottidae","Perciformes","Actinopteri","Chordata","Eukaryota",99.408,0,"genus","Myoxocephalus"
"470","ASV93","Myoxocephalus polyacanthocephalus","Myoxocephalus","Cottidae","Perciformes","Actinopteri","Chordata","Eukaryota",99.408,0,"genus","Myoxocephalus"
"471","ASV93","Myoxocephalus stelleri","Myoxocephalus","Cottidae","Perciformes","Actinopteri","Chordata","Eukaryota",99.408,0,"genus","Myoxocephalus"
"472","ASV94","Sebastes aleutianus","Sebastes","Sebastidae","Perciformes","Actinopteri","Chordata","Eukaryota",99.405,0,"genus","Sebastes"
"473","ASV94","Sebastes alutus","Sebastes","Sebastidae","Perciformes","Actinopteri","Chordata","Eukaryota",99.405,0,"genus","Sebastes"
"474","ASV94","Sebastes babcocki","Sebastes","Sebastidae","Perciformes","Actinopteri","Chordata","Eukaryota",99.405,0,"genus","Sebastes"
"475","ASV94","Sebastes baramenuke","Sebastes","Sebastidae","Perciformes","Actinopteri","Chordata","Eukaryota",99.405,0,"genus","Sebastes"
"476","ASV94","Sebastes brevispinis","Sebastes","Sebastidae","Perciformes","Actinopteri","Chordata","Eukaryota",99.405,0,"genus","Sebastes"
"477","ASV94","Sebastes constellatus","Sebastes","Sebastidae","Perciformes","Actinopteri","Chordata","Eukaryota",99.405,0,"genus","Sebastes"
"478","ASV94","Sebastes elongatus","Sebastes","Sebastidae","Perciformes","Actinopteri","Chordata","Eukaryota",99.405,0,"genus","Sebastes"
"479","ASV94","Sebastes emphaeus","Sebastes","Sebastidae","Perciformes","Actinopteri","Chordata","Eukaryota",99.405,0,"genus","Sebastes"
"480","ASV94","Sebastes eos","Sebastes","Sebastidae","Perciformes","Actinopteri","Chordata","Eukaryota",99.405,0,"genus","Sebastes"
"481","ASV94","Sebastes exsul","Sebastes","Sebastidae","Perciformes","Actinopteri","Chordata","Eukaryota",99.405,0,"genus","Sebastes"
"482","ASV94","Sebastes flavidus","Sebastes","Sebastidae","Perciformes","Actinopteri","Chordata","Eukaryota",99.405,0,"genus","Sebastes"
"483","ASV94","Sebastes goodei","Sebastes","Sebastidae","Perciformes","Actinopteri","Chordata","Eukaryota",99.405,0,"genus","Sebastes"
"484","ASV94","Sebastes helvomaculatus","Sebastes","Sebastidae","Perciformes","Actinopteri","Chordata","Eukaryota",99.405,0,"genus","Sebastes"
"485","ASV94","Sebastes inermis","Sebastes","Sebastidae","Perciformes","Actinopteri","Chordata","Eukaryota",99.405,0,"genus","Sebastes"
"486","ASV94","Sebastes joyneri","Sebastes","Sebastidae","Perciformes","Actinopteri","Chordata","Eukaryota",99.405,0,"genus","Sebastes"
"487","ASV94","Sebastes longispinis","Sebastes","Sebastidae","Perciformes","Actinopteri","Chordata","Eukaryota",99.405,0,"genus","Sebastes"
"488","ASV94","Sebastes melanops","Sebastes","Sebastidae","Perciformes","Actinopteri","Chordata","Eukaryota",99.405,0,"genus","Sebastes"
"489","ASV94","Sebastes miniatus","Sebastes","Sebastidae","Perciformes","Actinopteri","Chordata","Eukaryota",99.405,0,"genus","Sebastes"
"490","ASV94","Sebastes oculatus","Sebastes","Sebastidae","Perciformes","Actinopteri","Chordata","Eukaryota",99.405,0,"genus","Sebastes"
"491","ASV94","Sebastes ovalis","Sebastes","Sebastidae","Perciformes","Actinopteri","Chordata","Eukaryota",99.405,0,"genus","Sebastes"
"492","ASV94","Sebastes owstoni","Sebastes","Sebastidae","Perciformes","Actinopteri","Chordata","Eukaryota",99.405,0,"genus","Sebastes"
"493","ASV94","Sebastes pachycephalus","Sebastes","Sebastidae","Perciformes","Actinopteri","Chordata","Eukaryota",99.405,0,"genus","Sebastes"
"494","ASV94","Sebastes phillipsi","Sebastes","Sebastidae","Perciformes","Actinopteri","Chordata","Eukaryota",99.405,0,"genus","Sebastes"
"495","ASV94","Sebastes pinniger","Sebastes","Sebastidae","Perciformes","Actinopteri","Chordata","Eukaryota",99.405,0,"genus","Sebastes"
"496","ASV94","Sebastes proriger","Sebastes","Sebastidae","Perciformes","Actinopteri","Chordata","Eukaryota",99.405,0,"genus","Sebastes"
"497","ASV94","Sebastes rosaceus","Sebastes","Sebastidae","Perciformes","Actinopteri","Chordata","Eukaryota",99.405,0,"genus","Sebastes"
"498","ASV94","Sebastes rosenblatti","Sebastes","Sebastidae","Perciformes","Actinopteri","Chordata","Eukaryota",99.405,0,"genus","Sebastes"
"499","ASV94","Sebastes ruberrimus","Sebastes","Sebastidae","Perciformes","Actinopteri","Chordata","Eukaryota",99.405,0,"genus","Sebastes"
"500","ASV94","Sebastes rubrivinctus","Sebastes","Sebastidae","Perciformes","Actinopteri","Chordata","Eukaryota",99.405,0,"genus","Sebastes"
"501","ASV94","Sebastes schlegelii","Sebastes","Sebastidae","Perciformes","Actinopteri","Chordata","Eukaryota",99.405,0,"genus","Sebastes"
"502","ASV94","Sebastes serriceps","Sebastes","Sebastidae","Perciformes","Actinopteri","Chordata","Eukaryota",99.405,0,"genus","Sebastes"
"503","ASV94","Sebastes simulator","Sebastes","Sebastidae","Perciformes","Actinopteri","Chordata","Eukaryota",99.405,0,"genus","Sebastes"
"504","ASV94","Sebastes steindachneri","Sebastes","Sebastidae","Perciformes","Actinopteri","Chordata","Eukaryota",99.405,0,"genus","Sebastes"
"505","ASV94","Sebastes taczanowskii","Sebastes","Sebastidae","Perciformes","Actinopteri","Chordata","Eukaryota",99.405,0,"genus","Sebastes"
"506","ASV94","Sebastes thompsoni","Sebastes","Sebastidae","Perciformes","Actinopteri","Chordata","Eukaryota",99.405,0,"genus","Sebastes"
"507","ASV94","Sebastes variegatus","Sebastes","Sebastidae","Perciformes","Actinopteri","Chordata","Eukaryota",99.405,0,"genus","Sebastes"
"508","ASV94","Sebastes wakiyai","Sebastes","Sebastidae","Perciformes","Actinopteri","Chordata","Eukaryota",99.405,0,"genus","Sebastes"
"509","ASV94","Sebastes wilsoni","Sebastes","Sebastidae","Perciformes","Actinopteri","Chordata","Eukaryota",99.405,0,"genus","Sebastes"
"510","ASV94","Sebastes zacentrus","Sebastes","Sebastidae","Perciformes","Actinopteri","Chordata","Eukaryota",99.405,0,"genus","Sebastes"
"511","ASV95","Gadus chalcogrammus","Gadus","Gadidae","Gadiformes","Actinopteri","Chordata","Eukaryota",99.408,0,"genus","Gadus"
"512","ASV95","Gadus macrocephalus","Gadus","Gadidae","Gadiformes","Actinopteri","Chordata","Eukaryota",99.408,0,"genus","Gadus"
"513","ASV96","Careproctus phasma","Careproctus","Liparidae","Perciformes","Actinopteri","Chordata","Eukaryota",100,0,"genus","Careproctus"
"514","ASV96","Careproctus rastrinus","Careproctus","Liparidae","Perciformes","Actinopteri","Chordata","Eukaryota",100,0,"genus","Careproctus"
"515","ASV96","Careproctus scottae","Careproctus","Liparidae","Perciformes","Actinopteri","Chordata","Eukaryota",100,0,"genus","Careproctus"
"516","ASV97","Atheresthes evermanni","Atheresthes","Pleuronectidae","Pleuronectiformes","Actinopteri","Chordata","Eukaryota",99.415,0,"genus","Atheresthes"
"517","ASV97","Atheresthes stomias","Atheresthes","Pleuronectidae","Pleuronectiformes","Actinopteri","Chordata","Eukaryota",99.415,0,"genus","Atheresthes"
"518","ASV98","Aspidophoroides monopterygius","Aspidophoroides","Agonidae","Perciformes","Actinopteri","Chordata","Eukaryota",100,0,"species","Aspidophoroides monopterygius"
"519","ASV99","Gadus chalcogrammus","Gadus","Gadidae","Gadiformes","Actinopteri","Chordata","Eukaryota",98.824,0,"genus","Gadus"
"520","ASV99","Gadus macrocephalus","Gadus","Gadidae","Gadiformes","Actinopteri","Chordata","Eukaryota",98.235,0.588999999999999,"genus","Gadus"
