"","cruisejoin","hauljoin","catchjoin","species_code","weight_kg","count","akfin_load_date","stratum","year","survey_definition_id","group_code","species_name","common_name","id_rank","database","database_id","genus_taxon","subfamily_taxon","family_taxon","superfamily_taxon","infraorder_taxon","suborder_taxon","order_taxon","superorder_taxon","subclass_taxon","class_taxon","superclass_taxon","subphylum_taxon","phylum_taxon","kingdom_taxon","infraclass_taxon","haul","haul_type","performance","date_time_start","duration_hr","distance_fished_km","net_width_m","net_measured","net_height_m","latitude_dd_start","latitude_dd_end","longitude_dd_start","longitude_dd_end","station","depth_gear_m","depth_m","bottom_type","surface_temperature_c","gear_temperature_c","wire_length_m","gear","accessories"
"1",-767,-23846,-688196,20720,17.49,82,"2025-09-29T00:00:00Z",61,2024,98,20720,"Bathymaster signatus","searcher","species","WORMS",254513,"Bathymaster",NA,"Bathymasteridae",NA,NA,"Zoarcoidei","Perciformes",NA,NA,"Teleostei","Actinopteri","Vertebrata","Chordata","Animalia",NA,197,3,0,"2024-07-26T00:00:00Z",0.484,2.7,15.739,1,1.689,58.68516,58.69022,-174.96253,-174.91712,"L-28",190,192,NA,8.2,3.5,549,"44","15"
"2",-767,-23868,-688866,20720,1.337,4,"2025-09-29T00:00:00Z",61,2024,98,20720,"Bathymaster signatus","searcher","species","WORMS",254513,"Bathymaster",NA,"Bathymasteridae",NA,NA,"Zoarcoidei","Perciformes",NA,NA,"Teleostei","Actinopteri","Vertebrata","Chordata","Animalia",NA,201,3,3.1,"2024-07-27T00:00:00Z",0.506,2.807,15.325,1,1.76,58.3421,58.32572,-172.9489,-172.91251,"K-25",108,110,NA,8.5,2.3,366,"44","15"
"3",-767,-23826,-687658,20720,0.474,8,"2025-09-29T00:00:00Z",62,2024,98,20720,"Bathymaster signatus","searcher","species","WORMS",254513,"Bathymaster",NA,"Bathymasteridae",NA,NA,"Zoarcoidei","Perciformes",NA,NA,"Teleostei","Actinopteri","Vertebrata","Chordata","Animalia",NA,192,3,0,"2024-07-25T00:00:00Z",0.498,2.749,16.03,1,1.676,59.33669,59.33433,-174.42704,-174.475,"N-27",119,121,NA,7.6,1.9,366,"44","15"
"4",-767,-23827,-687713,20720,4.162,28,"2025-09-29T00:00:00Z",61,2024,98,20720,"Bathymaster signatus","searcher","species","WORMS",254513,"Bathymaster",NA,"Bathymasteridae",NA,NA,"Zoarcoidei","Perciformes",NA,NA,"Teleostei","Actinopteri","Vertebrata","Chordata","Animalia",NA,193,3,0,"2024-07-25T00:00:00Z",0.334,1.83,15.732,1,1.618,59.33758,59.33563,-175.0684,-175.10024,"N-28",131,133,NA,8,2.4,411,"44","15"
"5",-767,-23847,-688254,20720,10.79,43,"2025-09-29T00:00:00Z",61,2024,98,20720,"Bathymaster signatus","searcher","species","WORMS",254513,"Bathymaster",NA,"Bathymasteridae",NA,NA,"Zoarcoidei","Perciformes",NA,NA,"Teleostei","Actinopteri","Vertebrata","Chordata","Animalia",NA,198,3,0,"2024-07-26T00:00:00Z",0.5,2.766,16.535,1,1.747,58.67967,58.65483,-174.27299,-174.27598,"L-27",155,157,NA,8,3.1,457,"44","15"
"6",-767,-23848,-688310,20720,9.193,28,"2025-09-29T00:00:00Z",61,2024,98,20720,"Bathymaster signatus","searcher","species","WORMS",254513,"Bathymaster",NA,"Bathymasteridae",NA,NA,"Zoarcoidei","Perciformes",NA,NA,"Teleostei","Actinopteri","Vertebrata","Chordata","Animalia",NA,199,3,0,"2024-07-26T00:00:00Z",0.482,2.684,16.196,1,1.86,58.34459,58.32189,-174.32633,-174.3107,"K-27",174,176,NA,8.3,3.6,503,"44","15"
"7",-767,-23809,-687053,10285,3.834,2,"2025-09-29T00:00:00Z",61,2024,98,10285,"Pleuronectes quadrituberculatus","Alaska plaice","species","WORMS",254564,"Pleuronectes","Pleuronectinae","Pleuronectidae",NA,NA,NA,"Pleuronectiformes",NA,NA,"Teleostei","Actinopteri","Vertebrata","Chordata","Animalia",NA,189,3,0,"2024-07-24T00:00:00Z",0.498,2.689,15.696,1,1.865,58.9908,59.01001,-173.05894,-173.08732,"M-25",105,107,NA,7.6,1.5,366,"44","15"
"8",-767,-23803,-686995,10285,2.258,2,"2025-09-29T00:00:00Z",43,2024,98,10285,"Pleuronectes quadrituberculatus","Alaska plaice","species","WORMS",254564,"Pleuronectes","Pleuronectinae","Pleuronectidae",NA,NA,NA,"Pleuronectiformes",NA,NA,"Teleostei","Actinopteri","Vertebrata","Chordata","Animalia",NA,187,3,0,"2024-07-23T00:00:00Z",0.491,2.721,15.46,1,1.89,59.34486,59.32489,-172.4827,-172.5103,"N-24",86,88,NA,7.4,0.8,274,"44","15"
"9",-767,-23847,-688253,20006,0.062,1,"2025-09-29T00:00:00Z",61,2024,98,20006,"Sarritor frenatus","sawback poacher","species","WORMS",254374,"Sarritor","Agoninae","Agonidae",NA,NA,"Cottoidei","Perciformes",NA,NA,"Teleostei","Actinopteri","Vertebrata","Chordata","Animalia",NA,198,3,0,"2024-07-26T00:00:00Z",0.5,2.766,16.535,1,1.747,58.67967,58.65483,-174.27299,-174.27598,"L-27",155,157,NA,8,3.1,457,"44","15"
"10",-767,-23826,-687657,20006,0.022,1,"2025-09-29T00:00:00Z",62,2024,98,20006,"Sarritor frenatus","sawback poacher","species","WORMS",254374,"Sarritor","Agoninae","Agonidae",NA,NA,"Cottoidei","Perciformes",NA,NA,"Teleostei","Actinopteri","Vertebrata","Chordata","Animalia",NA,192,3,0,"2024-07-25T00:00:00Z",0.498,2.749,16.03,1,1.676,59.33669,59.33433,-174.42704,-174.475,"N-27",119,121,NA,7.6,1.9,366,"44","15"
"11",-767,-23867,-688819,20006,1.04,18,"2025-09-29T00:00:00Z",61,2024,98,20006,"Sarritor frenatus","sawback poacher","species","WORMS",254374,"Sarritor","Agoninae","Agonidae",NA,NA,"Cottoidei","Perciformes",NA,NA,"Teleostei","Actinopteri","Vertebrata","Chordata","Animalia",NA,200,3,0,"2024-07-27T00:00:00Z",0.506,2.786,15.642,1,1.693,58.33283,58.32572,-173.60936,-173.56388,"K-26",114,116,NA,8.1,2.7,366,"44","15"
"12",-767,-23846,-688195,20006,3.012,52,"2025-09-29T00:00:00Z",61,2024,98,20006,"Sarritor frenatus","sawback poacher","species","WORMS",254374,"Sarritor","Agoninae","Agonidae",NA,NA,"Cottoidei","Perciformes",NA,NA,"Teleostei","Actinopteri","Vertebrata","Chordata","Animalia",NA,197,3,0,"2024-07-26T00:00:00Z",0.484,2.7,15.739,1,1.689,58.68516,58.69022,-174.96253,-174.91712,"L-28",190,192,NA,8.2,3.5,549,"44","15"
"13",-767,-23803,-686996,20006,0.04,2,"2025-09-29T00:00:00Z",43,2024,98,20006,"Sarritor frenatus","sawback poacher","species","WORMS",254374,"Sarritor","Agoninae","Agonidae",NA,NA,"Cottoidei","Perciformes",NA,NA,"Teleostei","Actinopteri","Vertebrata","Chordata","Animalia",NA,187,3,0,"2024-07-23T00:00:00Z",0.491,2.721,15.46,1,1.89,59.34486,59.32489,-172.4827,-172.5103,"N-24",86,88,NA,7.4,0.8,274,"44","15"
"14",-767,-23845,-688142,20006,0.18,4,"2025-09-29T00:00:00Z",61,2024,98,20006,"Sarritor frenatus","sawback poacher","species","WORMS",254374,"Sarritor","Agoninae","Agonidae",NA,NA,"Cottoidei","Perciformes",NA,NA,"Teleostei","Actinopteri","Vertebrata","Chordata","Animalia",NA,196,3,0,"2024-07-26T00:00:00Z",0.489,2.686,15.463,1,1.689,58.65185,58.65792,-175.57967,-175.535,"L-29",134,136,NA,7.8,2.7,411,"44","15"
"15",-767,-23810,-687169,20006,0.12,3,"2025-09-29T00:00:00Z",43,2024,98,20006,"Sarritor frenatus","sawback poacher","species","WORMS",254374,"Sarritor","Agoninae","Agonidae",NA,NA,"Cottoidei","Perciformes",NA,NA,"Teleostei","Actinopteri","Vertebrata","Chordata","Animalia",NA,190,3,0,"2024-07-24T00:00:00Z",0.501,2.727,15.721,1,1.769,59.31921,59.33778,-173.12098,-173.15221,"N-25",98,100,NA,7.3,1.3,320,"44","15"
"16",-767,-23808,-687109,20006,0.022,2,"2025-09-29T00:00:00Z",41,2024,98,20006,"Sarritor frenatus","sawback poacher","species","WORMS",254374,"Sarritor","Agoninae","Agonidae",NA,NA,"Cottoidei","Perciformes",NA,NA,"Teleostei","Actinopteri","Vertebrata","Chordata","Animalia",NA,188,3,0,"2024-07-24T00:00:00Z",0.499,2.726,15.791,1,1.717,59.00443,59.01141,-172.40673,-172.45207,"M-24",97,99,NA,7.3,1.1,320,"44","15"
"17",-767,-23809,-687054,20006,0.024,1,"2025-09-29T00:00:00Z",61,2024,98,20006,"Sarritor frenatus","sawback poacher","species","WORMS",254374,"Sarritor","Agoninae","Agonidae",NA,NA,"Cottoidei","Perciformes",NA,NA,"Teleostei","Actinopteri","Vertebrata","Chordata","Animalia",NA,189,3,0,"2024-07-24T00:00:00Z",0.498,2.689,15.696,1,1.865,58.9908,59.01001,-173.05894,-173.08732,"M-25",105,107,NA,7.6,1.5,366,"44","15"
"18",-767,-23811,-687225,20006,0.024,1,"2025-09-29T00:00:00Z",62,2024,98,20006,"Sarritor frenatus","sawback poacher","species","WORMS",254374,"Sarritor","Agoninae","Agonidae",NA,NA,"Cottoidei","Perciformes",NA,NA,"Teleostei","Actinopteri","Vertebrata","Chordata","Animalia",NA,191,3,0,"2024-07-24T00:00:00Z",0.504,2.83,16.19,1,1.728,59.33538,59.32674,-173.77934,-173.82599,"N-26",108,110,NA,7.7,1.6,366,"44","15"
"19",-767,-23803,-686997,20040,0.056,2,"2025-09-29T00:00:00Z",43,2024,98,20040,"Podothecus accipenserinus","sturgeon poacher","species","WORMS",254501,"Podothecus","Agoninae","Agonidae",NA,NA,"Cottoidei","Perciformes",NA,NA,"Teleostei","Actinopteri","Vertebrata","Chordata","Animalia",NA,187,3,0,"2024-07-23T00:00:00Z",0.491,2.721,15.46,1,1.89,59.34486,59.32489,-172.4827,-172.5103,"N-24",86,88,NA,7.4,0.8,274,"44","15"
"20",-767,-23827,-687712,20050,0.005,1,"2025-09-29T00:00:00Z",61,2024,98,20050,"Aspidophoroides monopterygius","Aleutian alligatorfish","species","WORMS",159459,"Aspidophoroides","Anoplagoninae","Agonidae",NA,NA,"Cottoidei","Perciformes",NA,NA,"Teleostei","Actinopteri","Vertebrata","Chordata","Animalia",NA,193,3,0,"2024-07-25T00:00:00Z",0.334,1.83,15.732,1,1.618,59.33758,59.33563,-175.0684,-175.10024,"N-28",131,133,NA,8,2.4,411,"44","15"
"21",-767,-23829,-687807,20050,0.006,1,"2025-09-29T00:00:00Z",61,2024,98,20050,"Aspidophoroides monopterygius","Aleutian alligatorfish","species","WORMS",159459,"Aspidophoroides","Anoplagoninae","Agonidae",NA,NA,"Cottoidei","Perciformes",NA,NA,"Teleostei","Actinopteri","Vertebrata","Chordata","Animalia",NA,195,3,0,"2024-07-25T00:00:00Z",0.496,2.712,15.843,1,1.692,59.01617,58.99354,-175.73917,-175.72155,"M-29",132,134,NA,8.1,1.6,411,"44","15"
"22",-767,-23846,-688190,10110,55.7,59,"2025-09-29T00:00:00Z",61,2024,98,10110,"Atheresthes stomias","arrowtooth flounder","species","WORMS",279792,"Atheresthes","Pleuronectinae","Pleuronectidae",NA,NA,NA,"Pleuronectiformes",NA,NA,"Teleostei","Actinopteri","Vertebrata","Chordata","Animalia",NA,197,3,0,"2024-07-26T00:00:00Z",0.484,2.7,15.739,1,1.689,58.68516,58.69022,-174.96253,-174.91712,"L-28",190,192,NA,8.2,3.5,549,"44","15"
"23",-767,-23809,-687049,10110,86.58,64,"2025-09-29T00:00:00Z",61,2024,98,10110,"Atheresthes stomias","arrowtooth flounder","species","WORMS",279792,"Atheresthes","Pleuronectinae","Pleuronectidae",NA,NA,NA,"Pleuronectiformes",NA,NA,"Teleostei","Actinopteri","Vertebrata","Chordata","Animalia",NA,189,3,0,"2024-07-24T00:00:00Z",0.498,2.689,15.696,1,1.865,58.9908,59.01001,-173.05894,-173.08732,"M-25",105,107,NA,7.6,1.5,366,"44","15"
"24",-767,-23810,-687164,10110,13.26,10,"2025-09-29T00:00:00Z",43,2024,98,10110,"Atheresthes stomias","arrowtooth flounder","species","WORMS",279792,"Atheresthes","Pleuronectinae","Pleuronectidae",NA,NA,NA,"Pleuronectiformes",NA,NA,"Teleostei","Actinopteri","Vertebrata","Chordata","Animalia",NA,190,3,0,"2024-07-24T00:00:00Z",0.501,2.727,15.721,1,1.769,59.31921,59.33778,-173.12098,-173.15221,"N-25",98,100,NA,7.3,1.3,320,"44","15"
"25",-767,-23847,-688247,10110,105.99,177,"2025-09-29T00:00:00Z",61,2024,98,10110,"Atheresthes stomias","arrowtooth flounder","species","WORMS",279792,"Atheresthes","Pleuronectinae","Pleuronectidae",NA,NA,NA,"Pleuronectiformes",NA,NA,"Teleostei","Actinopteri","Vertebrata","Chordata","Animalia",NA,198,3,0,"2024-07-26T00:00:00Z",0.5,2.766,16.535,1,1.747,58.67967,58.65483,-174.27299,-174.27598,"L-27",155,157,NA,8,3.1,457,"44","15"
"26",-767,-23867,-688814,10110,68.068,125,"2025-09-29T00:00:00Z",61,2024,98,10110,"Atheresthes stomias","arrowtooth flounder","species","WORMS",279792,"Atheresthes","Pleuronectinae","Pleuronectidae",NA,NA,NA,"Pleuronectiformes",NA,NA,"Teleostei","Actinopteri","Vertebrata","Chordata","Animalia",NA,200,3,0,"2024-07-27T00:00:00Z",0.506,2.786,15.642,1,1.693,58.33283,58.32572,-173.60936,-173.56388,"K-26",114,116,NA,8.1,2.7,366,"44","15"
"27",-767,-23828,-687761,10110,10.01,10,"2025-09-29T00:00:00Z",61,2024,98,10110,"Atheresthes stomias","arrowtooth flounder","species","WORMS",279792,"Atheresthes","Pleuronectinae","Pleuronectidae",NA,NA,NA,"Pleuronectiformes",NA,NA,"Teleostei","Actinopteri","Vertebrata","Chordata","Animalia",NA,194,3,4,"2024-07-25T00:00:00Z",0.331,1.804,15.627,1,1.634,59.34086,59.33113,-175.73359,-175.7589,"N-29",135,137,NA,8.2,1.4,411,"44","15"
"28",-767,-23869,-688907,10110,310.107,386,"2025-09-29T00:00:00Z",61,2024,98,10110,"Atheresthes stomias","arrowtooth flounder","species","WORMS",279792,"Atheresthes","Pleuronectinae","Pleuronectidae",NA,NA,NA,"Pleuronectiformes",NA,NA,"Teleostei","Actinopteri","Vertebrata","Chordata","Animalia",NA,202,3,4.4,"2024-07-27T00:00:00Z",0.341,1.86,15.54,1,1.763,58.00183,58.00624,-172.81007,-172.84035,"J-25",107,109,NA,8.5,2.4,366,"44","15"
"29",-767,-23868,-688862,10110,132.819,169,"2025-09-29T00:00:00Z",61,2024,98,10110,"Atheresthes stomias","arrowtooth flounder","species","WORMS",279792,"Atheresthes","Pleuronectinae","Pleuronectidae",NA,NA,NA,"Pleuronectiformes",NA,NA,"Teleostei","Actinopteri","Vertebrata","Chordata","Animalia",NA,201,3,3.1,"2024-07-27T00:00:00Z",0.506,2.807,15.325,1,1.76,58.3421,58.32572,-172.9489,-172.91251,"K-25",108,110,NA,8.5,2.3,366,"44","15"
"30",-767,-23827,-687706,10110,192.075,185,"2025-09-29T00:00:00Z",61,2024,98,10110,"Atheresthes stomias","arrowtooth flounder","species","WORMS",279792,"Atheresthes","Pleuronectinae","Pleuronectidae",NA,NA,NA,"Pleuronectiformes",NA,NA,"Teleostei","Actinopteri","Vertebrata","Chordata","Animalia",NA,193,3,0,"2024-07-25T00:00:00Z",0.334,1.83,15.732,1,1.618,59.33758,59.33563,-175.0684,-175.10024,"N-28",131,133,NA,8,2.4,411,"44","15"
"31",-767,-23848,-688305,10110,31.165,42,"2025-09-29T00:00:00Z",61,2024,98,10110,"Atheresthes stomias","arrowtooth flounder","species","WORMS",279792,"Atheresthes","Pleuronectinae","Pleuronectidae",NA,NA,NA,"Pleuronectiformes",NA,NA,"Teleostei","Actinopteri","Vertebrata","Chordata","Animalia",NA,199,3,0,"2024-07-26T00:00:00Z",0.482,2.684,16.196,1,1.86,58.34459,58.32189,-174.32633,-174.3107,"K-27",174,176,NA,8.3,3.6,503,"44","15"
"32",-767,-23829,-687803,10110,28.38,25,"2025-09-29T00:00:00Z",61,2024,98,10110,"Atheresthes stomias","arrowtooth flounder","species","WORMS",279792,"Atheresthes","Pleuronectinae","Pleuronectidae",NA,NA,NA,"Pleuronectiformes",NA,NA,"Teleostei","Actinopteri","Vertebrata","Chordata","Animalia",NA,195,3,0,"2024-07-25T00:00:00Z",0.496,2.712,15.843,1,1.692,59.01617,58.99354,-175.73917,-175.72155,"M-29",132,134,NA,8.1,1.6,411,"44","15"
"33",-767,-23826,-687653,10110,80.07,86,"2025-09-29T00:00:00Z",62,2024,98,10110,"Atheresthes stomias","arrowtooth flounder","species","WORMS",279792,"Atheresthes","Pleuronectinae","Pleuronectidae",NA,NA,NA,"Pleuronectiformes",NA,NA,"Teleostei","Actinopteri","Vertebrata","Chordata","Animalia",NA,192,3,0,"2024-07-25T00:00:00Z",0.498,2.749,16.03,1,1.676,59.33669,59.33433,-174.42704,-174.475,"N-27",119,121,NA,7.6,1.9,366,"44","15"
"34",-767,-23811,-687222,10110,23.05,21,"2025-09-29T00:00:00Z",62,2024,98,10110,"Atheresthes stomias","arrowtooth flounder","species","WORMS",279792,"Atheresthes","Pleuronectinae","Pleuronectidae",NA,NA,NA,"Pleuronectiformes",NA,NA,"Teleostei","Actinopteri","Vertebrata","Chordata","Animalia",NA,191,3,0,"2024-07-24T00:00:00Z",0.504,2.83,16.19,1,1.728,59.33538,59.32674,-173.77934,-173.82599,"N-26",108,110,NA,7.7,1.6,366,"44","15"
"35",-767,-23808,-687105,10110,8.27,7,"2025-09-29T00:00:00Z",41,2024,98,10110,"Atheresthes stomias","arrowtooth flounder","species","WORMS",279792,"Atheresthes","Pleuronectinae","Pleuronectidae",NA,NA,NA,"Pleuronectiformes",NA,NA,"Teleostei","Actinopteri","Vertebrata","Chordata","Animalia",NA,188,3,0,"2024-07-24T00:00:00Z",0.499,2.726,15.791,1,1.717,59.00443,59.01141,-172.40673,-172.45207,"M-24",97,99,NA,7.3,1.1,320,"44","15"
"36",-767,-23845,-688136,10110,52.31,61,"2025-09-29T00:00:00Z",61,2024,98,10110,"Atheresthes stomias","arrowtooth flounder","species","WORMS",279792,"Atheresthes","Pleuronectinae","Pleuronectidae",NA,NA,NA,"Pleuronectiformes",NA,NA,"Teleostei","Actinopteri","Vertebrata","Chordata","Animalia",NA,196,3,0,"2024-07-26T00:00:00Z",0.489,2.686,15.463,1,1.689,58.65185,58.65792,-175.57967,-175.535,"L-29",134,136,NA,7.8,2.7,411,"44","15"
"37",-767,-23870,-688937,10110,26.365,53,"2025-09-29T00:00:00Z",61,2024,98,10110,"Atheresthes stomias","arrowtooth flounder","species","WORMS",279792,"Atheresthes","Pleuronectinae","Pleuronectidae",NA,NA,NA,"Pleuronectiformes",NA,NA,"Teleostei","Actinopteri","Vertebrata","Chordata","Animalia",NA,203,3,0,"2024-07-27T00:00:00Z",0.496,2.817,16.325,1,1.593,57.99047,57.99464,-173.43549,-173.48235,"J-26",116,118,NA,8.3,2.8,366,"44","15"
"38",-767,-23848,-688306,10112,6.601,10,"2025-09-29T00:00:00Z",61,2024,98,10112,"Atheresthes evermanni","Kamchatka flounder","species","WORMS",279791,"Atheresthes","Pleuronectinae","Pleuronectidae",NA,NA,NA,"Pleuronectiformes",NA,NA,"Teleostei","Actinopteri","Vertebrata","Chordata","Animalia",NA,199,3,0,"2024-07-26T00:00:00Z",0.482,2.684,16.196,1,1.86,58.34459,58.32189,-174.32633,-174.3107,"K-27",174,176,NA,8.3,3.6,503,"44","15"
"39",-767,-23846,-688191,10112,22.09,23,"2025-09-29T00:00:00Z",61,2024,98,10112,"Atheresthes evermanni","Kamchatka flounder","species","WORMS",279791,"Atheresthes","Pleuronectinae","Pleuronectidae",NA,NA,NA,"Pleuronectiformes",NA,NA,"Teleostei","Actinopteri","Vertebrata","Chordata","Animalia",NA,197,3,0,"2024-07-26T00:00:00Z",0.484,2.7,15.739,1,1.689,58.68516,58.69022,-174.96253,-174.91712,"L-28",190,192,NA,8.2,3.5,549,"44","15"
"40",-767,-23868,-688863,10112,1.771,4,"2025-09-29T00:00:00Z",61,2024,98,10112,"Atheresthes evermanni","Kamchatka flounder","species","WORMS",279791,"Atheresthes","Pleuronectinae","Pleuronectidae",NA,NA,NA,"Pleuronectiformes",NA,NA,"Teleostei","Actinopteri","Vertebrata","Chordata","Animalia",NA,201,3,3.1,"2024-07-27T00:00:00Z",0.506,2.807,15.325,1,1.76,58.3421,58.32572,-172.9489,-172.91251,"K-25",108,110,NA,8.5,2.3,366,"44","15"
"41",-767,-23810,-687165,10112,9.82,9,"2025-09-29T00:00:00Z",43,2024,98,10112,"Atheresthes evermanni","Kamchatka flounder","species","WORMS",279791,"Atheresthes","Pleuronectinae","Pleuronectidae",NA,NA,NA,"Pleuronectiformes",NA,NA,"Teleostei","Actinopteri","Vertebrata","Chordata","Animalia",NA,190,3,0,"2024-07-24T00:00:00Z",0.501,2.727,15.721,1,1.769,59.31921,59.33778,-173.12098,-173.15221,"N-25",98,100,NA,7.3,1.3,320,"44","15"
"42",-767,-23829,-687804,10112,5.99,5,"2025-09-29T00:00:00Z",61,2024,98,10112,"Atheresthes evermanni","Kamchatka flounder","species","WORMS",279791,"Atheresthes","Pleuronectinae","Pleuronectidae",NA,NA,NA,"Pleuronectiformes",NA,NA,"Teleostei","Actinopteri","Vertebrata","Chordata","Animalia",NA,195,3,0,"2024-07-25T00:00:00Z",0.496,2.712,15.843,1,1.692,59.01617,58.99354,-175.73917,-175.72155,"M-29",132,134,NA,8.1,1.6,411,"44","15"
"43",-767,-23870,-688938,10112,6.054,7,"2025-09-29T00:00:00Z",61,2024,98,10112,"Atheresthes evermanni","Kamchatka flounder","species","WORMS",279791,"Atheresthes","Pleuronectinae","Pleuronectidae",NA,NA,NA,"Pleuronectiformes",NA,NA,"Teleostei","Actinopteri","Vertebrata","Chordata","Animalia",NA,203,3,0,"2024-07-27T00:00:00Z",0.496,2.817,16.325,1,1.593,57.99047,57.99464,-173.43549,-173.48235,"J-26",116,118,NA,8.3,2.8,366,"44","15"
"44",-767,-23847,-688248,10112,3.762,14,"2025-09-29T00:00:00Z",61,2024,98,10112,"Atheresthes evermanni","Kamchatka flounder","species","WORMS",279791,"Atheresthes","Pleuronectinae","Pleuronectidae",NA,NA,NA,"Pleuronectiformes",NA,NA,"Teleostei","Actinopteri","Vertebrata","Chordata","Animalia",NA,198,3,0,"2024-07-26T00:00:00Z",0.5,2.766,16.535,1,1.747,58.67967,58.65483,-174.27299,-174.27598,"L-27",155,157,NA,8,3.1,457,"44","15"
"45",-767,-23867,-688815,10112,4.882,7,"2025-09-29T00:00:00Z",61,2024,98,10112,"Atheresthes evermanni","Kamchatka flounder","species","WORMS",279791,"Atheresthes","Pleuronectinae","Pleuronectidae",NA,NA,NA,"Pleuronectiformes",NA,NA,"Teleostei","Actinopteri","Vertebrata","Chordata","Animalia",NA,200,3,0,"2024-07-27T00:00:00Z",0.506,2.786,15.642,1,1.693,58.33283,58.32572,-173.60936,-173.56388,"K-26",114,116,NA,8.1,2.7,366,"44","15"
"46",-767,-23809,-687050,10112,41.458,44,"2025-09-29T00:00:00Z",61,2024,98,10112,"Atheresthes evermanni","Kamchatka flounder","species","WORMS",279791,"Atheresthes","Pleuronectinae","Pleuronectidae",NA,NA,NA,"Pleuronectiformes",NA,NA,"Teleostei","Actinopteri","Vertebrata","Chordata","Animalia",NA,189,3,0,"2024-07-24T00:00:00Z",0.498,2.689,15.696,1,1.865,58.9908,59.01001,-173.05894,-173.08732,"M-25",105,107,NA,7.6,1.5,366,"44","15"
"47",-767,-23826,-687654,10112,14.13,18,"2025-09-29T00:00:00Z",62,2024,98,10112,"Atheresthes evermanni","Kamchatka flounder","species","WORMS",279791,"Atheresthes","Pleuronectinae","Pleuronectidae",NA,NA,NA,"Pleuronectiformes",NA,NA,"Teleostei","Actinopteri","Vertebrata","Chordata","Animalia",NA,192,3,0,"2024-07-25T00:00:00Z",0.498,2.749,16.03,1,1.676,59.33669,59.33433,-174.42704,-174.475,"N-27",119,121,NA,7.6,1.9,366,"44","15"
"48",-767,-23827,-687707,10112,9.575,10,"2025-09-29T00:00:00Z",61,2024,98,10112,"Atheresthes evermanni","Kamchatka flounder","species","WORMS",279791,"Atheresthes","Pleuronectinae","Pleuronectidae",NA,NA,NA,"Pleuronectiformes",NA,NA,"Teleostei","Actinopteri","Vertebrata","Chordata","Animalia",NA,193,3,0,"2024-07-25T00:00:00Z",0.334,1.83,15.732,1,1.618,59.33758,59.33563,-175.0684,-175.10024,"N-28",131,133,NA,8,2.4,411,"44","15"
"49",-767,-23828,-687762,10112,1.25,2,"2025-09-29T00:00:00Z",61,2024,98,10112,"Atheresthes evermanni","Kamchatka flounder","species","WORMS",279791,"Atheresthes","Pleuronectinae","Pleuronectidae",NA,NA,NA,"Pleuronectiformes",NA,NA,"Teleostei","Actinopteri","Vertebrata","Chordata","Animalia",NA,194,3,4,"2024-07-25T00:00:00Z",0.331,1.804,15.627,1,1.634,59.34086,59.33113,-175.73359,-175.7589,"N-29",135,137,NA,8.2,1.4,411,"44","15"
"50",-767,-23811,-687223,10112,5.18,6,"2025-09-29T00:00:00Z",62,2024,98,10112,"Atheresthes evermanni","Kamchatka flounder","species","WORMS",279791,"Atheresthes","Pleuronectinae","Pleuronectidae",NA,NA,NA,"Pleuronectiformes",NA,NA,"Teleostei","Actinopteri","Vertebrata","Chordata","Animalia",NA,191,3,0,"2024-07-24T00:00:00Z",0.504,2.83,16.19,1,1.728,59.33538,59.32674,-173.77934,-173.82599,"N-26",108,110,NA,7.7,1.6,366,"44","15"
"51",-767,-23808,-687106,10112,12.85,11,"2025-09-29T00:00:00Z",41,2024,98,10112,"Atheresthes evermanni","Kamchatka flounder","species","WORMS",279791,"Atheresthes","Pleuronectinae","Pleuronectidae",NA,NA,NA,"Pleuronectiformes",NA,NA,"Teleostei","Actinopteri","Vertebrata","Chordata","Animalia",NA,188,3,0,"2024-07-24T00:00:00Z",0.499,2.726,15.791,1,1.717,59.00443,59.01141,-172.40673,-172.45207,"M-24",97,99,NA,7.3,1.1,320,"44","15"
"52",-767,-23803,-686991,10112,12.62,7,"2025-09-29T00:00:00Z",43,2024,98,10112,"Atheresthes evermanni","Kamchatka flounder","species","WORMS",279791,"Atheresthes","Pleuronectinae","Pleuronectidae",NA,NA,NA,"Pleuronectiformes",NA,NA,"Teleostei","Actinopteri","Vertebrata","Chordata","Animalia",NA,187,3,0,"2024-07-23T00:00:00Z",0.491,2.721,15.46,1,1.89,59.34486,59.32489,-172.4827,-172.5103,"N-24",86,88,NA,7.4,0.8,274,"44","15"
"53",-767,-23845,-688137,10112,0.542,2,"2025-09-29T00:00:00Z",61,2024,98,10112,"Atheresthes evermanni","Kamchatka flounder","species","WORMS",279791,"Atheresthes","Pleuronectinae","Pleuronectidae",NA,NA,NA,"Pleuronectiformes",NA,NA,"Teleostei","Actinopteri","Vertebrata","Chordata","Animalia",NA,196,3,0,"2024-07-26T00:00:00Z",0.489,2.686,15.463,1,1.689,58.65185,58.65792,-175.57967,-175.535,"L-29",134,136,NA,7.8,2.7,411,"44","15"
"54",-767,-23847,-688249,10120,11.285,6,"2025-09-29T00:00:00Z",61,2024,98,10120,"Hippoglossus stenolepis","Pacific halibut","species","WORMS",274290,"Hippoglossus","Pleuronectinae","Pleuronectidae",NA,NA,NA,"Pleuronectiformes",NA,NA,"Teleostei","Actinopteri","Vertebrata","Chordata","Animalia",NA,198,3,0,"2024-07-26T00:00:00Z",0.5,2.766,16.535,1,1.747,58.67967,58.65483,-174.27299,-174.27598,"L-27",155,157,NA,8,3.1,457,"44","15"
"55",-767,-23846,-688192,10120,24.651,4,"2025-09-29T00:00:00Z",61,2024,98,10120,"Hippoglossus stenolepis","Pacific halibut","species","WORMS",274290,"Hippoglossus","Pleuronectinae","Pleuronectidae",NA,NA,NA,"Pleuronectiformes",NA,NA,"Teleostei","Actinopteri","Vertebrata","Chordata","Animalia",NA,197,3,0,"2024-07-26T00:00:00Z",0.484,2.7,15.739,1,1.689,58.68516,58.69022,-174.96253,-174.91712,"L-28",190,192,NA,8.2,3.5,549,"44","15"
"56",-767,-23827,-687708,10120,5.066,2,"2025-09-29T00:00:00Z",61,2024,98,10120,"Hippoglossus stenolepis","Pacific halibut","species","WORMS",274290,"Hippoglossus","Pleuronectinae","Pleuronectidae",NA,NA,NA,"Pleuronectiformes",NA,NA,"Teleostei","Actinopteri","Vertebrata","Chordata","Animalia",NA,193,3,0,"2024-07-25T00:00:00Z",0.334,1.83,15.732,1,1.618,59.33758,59.33563,-175.0684,-175.10024,"N-28",131,133,NA,8,2.4,411,"44","15"
"57",-767,-23848,-688299,10120,12.629,7,"2025-09-29T00:00:00Z",61,2024,98,10120,"Hippoglossus stenolepis","Pacific halibut","species","WORMS",274290,"Hippoglossus","Pleuronectinae","Pleuronectidae",NA,NA,NA,"Pleuronectiformes",NA,NA,"Teleostei","Actinopteri","Vertebrata","Chordata","Animalia",NA,199,3,0,"2024-07-26T00:00:00Z",0.482,2.684,16.196,1,1.86,58.34459,58.32189,-174.32633,-174.3107,"K-27",174,176,NA,8.3,3.6,503,"44","15"
"58",-767,-23845,-688138,10120,19.745,6,"2025-09-29T00:00:00Z",61,2024,98,10120,"Hippoglossus stenolepis","Pacific halibut","species","WORMS",274290,"Hippoglossus","Pleuronectinae","Pleuronectidae",NA,NA,NA,"Pleuronectiformes",NA,NA,"Teleostei","Actinopteri","Vertebrata","Chordata","Animalia",NA,196,3,0,"2024-07-26T00:00:00Z",0.489,2.686,15.463,1,1.689,58.65185,58.65792,-175.57967,-175.535,"L-29",134,136,NA,7.8,2.7,411,"44","15"
"59",-767,-23810,-687166,10120,2.104,1,"2025-09-29T00:00:00Z",43,2024,98,10120,"Hippoglossus stenolepis","Pacific halibut","species","WORMS",274290,"Hippoglossus","Pleuronectinae","Pleuronectidae",NA,NA,NA,"Pleuronectiformes",NA,NA,"Teleostei","Actinopteri","Vertebrata","Chordata","Animalia",NA,190,3,0,"2024-07-24T00:00:00Z",0.501,2.727,15.721,1,1.769,59.31921,59.33778,-173.12098,-173.15221,"N-25",98,100,NA,7.3,1.3,320,"44","15"
"60",-767,-23870,-688932,10120,2.887,1,"2025-09-29T00:00:00Z",61,2024,98,10120,"Hippoglossus stenolepis","Pacific halibut","species","WORMS",274290,"Hippoglossus","Pleuronectinae","Pleuronectidae",NA,NA,NA,"Pleuronectiformes",NA,NA,"Teleostei","Actinopteri","Vertebrata","Chordata","Animalia",NA,203,3,0,"2024-07-27T00:00:00Z",0.496,2.817,16.325,1,1.593,57.99047,57.99464,-173.43549,-173.48235,"J-26",116,118,NA,8.3,2.8,366,"44","15"
"61",-767,-23811,-687224,10130,1.901,5,"2025-09-29T00:00:00Z",62,2024,98,10130,"Hippoglossoides elassodon","flathead sole","species","WORMS",274289,"Hippoglossoides","Pleuronectinae","Pleuronectidae",NA,NA,NA,"Pleuronectiformes",NA,NA,"Teleostei","Actinopteri","Vertebrata","Chordata","Animalia",NA,191,3,0,"2024-07-24T00:00:00Z",0.504,2.83,16.19,1,1.728,59.33538,59.32674,-173.77934,-173.82599,"N-26",108,110,NA,7.7,1.6,366,"44","15"
"62",-767,-23867,-688816,10130,239.085,987,"2025-09-29T00:00:00Z",61,2024,98,10130,"Hippoglossoides elassodon","flathead sole","species","WORMS",274289,"Hippoglossoides","Pleuronectinae","Pleuronectidae",NA,NA,NA,"Pleuronectiformes",NA,NA,"Teleostei","Actinopteri","Vertebrata","Chordata","Animalia",NA,200,3,0,"2024-07-27T00:00:00Z",0.506,2.786,15.642,1,1.693,58.33283,58.32572,-173.60936,-173.56388,"K-26",114,116,NA,8.1,2.7,366,"44","15"
"63",-767,-23847,-688250,10130,4.732,36,"2025-09-29T00:00:00Z",61,2024,98,10130,"Hippoglossoides elassodon","flathead sole","species","WORMS",274289,"Hippoglossoides","Pleuronectinae","Pleuronectidae",NA,NA,NA,"Pleuronectiformes",NA,NA,"Teleostei","Actinopteri","Vertebrata","Chordata","Animalia",NA,198,3,0,"2024-07-26T00:00:00Z",0.5,2.766,16.535,1,1.747,58.67967,58.65483,-174.27299,-174.27598,"L-27",155,157,NA,8,3.1,457,"44","15"
"64",-767,-23808,-687107,10130,0.396,1,"2025-09-29T00:00:00Z",41,2024,98,10130,"Hippoglossoides elassodon","flathead sole","species","WORMS",274289,"Hippoglossoides","Pleuronectinae","Pleuronectidae",NA,NA,NA,"Pleuronectiformes",NA,NA,"Teleostei","Actinopteri","Vertebrata","Chordata","Animalia",NA,188,3,0,"2024-07-24T00:00:00Z",0.499,2.726,15.791,1,1.717,59.00443,59.01141,-172.40673,-172.45207,"M-24",97,99,NA,7.3,1.1,320,"44","15"
"65",-767,-23803,-686992,10130,0.958,2,"2025-09-29T00:00:00Z",43,2024,98,10130,"Hippoglossoides elassodon","flathead sole","species","WORMS",274289,"Hippoglossoides","Pleuronectinae","Pleuronectidae",NA,NA,NA,"Pleuronectiformes",NA,NA,"Teleostei","Actinopteri","Vertebrata","Chordata","Animalia",NA,187,3,0,"2024-07-23T00:00:00Z",0.491,2.721,15.46,1,1.89,59.34486,59.32489,-172.4827,-172.5103,"N-24",86,88,NA,7.4,0.8,274,"44","15"
"66",-767,-23845,-688139,10130,274.102,914,"2025-09-29T00:00:00Z",61,2024,98,10130,"Hippoglossoides elassodon","flathead sole","species","WORMS",274289,"Hippoglossoides","Pleuronectinae","Pleuronectidae",NA,NA,NA,"Pleuronectiformes",NA,NA,"Teleostei","Actinopteri","Vertebrata","Chordata","Animalia",NA,196,3,0,"2024-07-26T00:00:00Z",0.489,2.686,15.463,1,1.689,58.65185,58.65792,-175.57967,-175.535,"L-29",134,136,NA,7.8,2.7,411,"44","15"
"67",-767,-23827,-687709,10130,165.92,903,"2025-09-29T00:00:00Z",61,2024,98,10130,"Hippoglossoides elassodon","flathead sole","species","WORMS",274289,"Hippoglossoides","Pleuronectinae","Pleuronectidae",NA,NA,NA,"Pleuronectiformes",NA,NA,"Teleostei","Actinopteri","Vertebrata","Chordata","Animalia",NA,193,3,0,"2024-07-25T00:00:00Z",0.334,1.83,15.732,1,1.618,59.33758,59.33563,-175.0684,-175.10024,"N-28",131,133,NA,8,2.4,411,"44","15"
"68",-767,-23829,-687805,10130,13.26,162,"2025-09-29T00:00:00Z",61,2024,98,10130,"Hippoglossoides elassodon","flathead sole","species","WORMS",274289,"Hippoglossoides","Pleuronectinae","Pleuronectidae",NA,NA,NA,"Pleuronectiformes",NA,NA,"Teleostei","Actinopteri","Vertebrata","Chordata","Animalia",NA,195,3,0,"2024-07-25T00:00:00Z",0.496,2.712,15.843,1,1.692,59.01617,58.99354,-175.73917,-175.72155,"M-29",132,134,NA,8.1,1.6,411,"44","15"
"69",-767,-23810,-687167,10130,3.974,10,"2025-09-29T00:00:00Z",43,2024,98,10130,"Hippoglossoides elassodon","flathead sole","species","WORMS",274289,"Hippoglossoides","Pleuronectinae","Pleuronectidae",NA,NA,NA,"Pleuronectiformes",NA,NA,"Teleostei","Actinopteri","Vertebrata","Chordata","Animalia",NA,190,3,0,"2024-07-24T00:00:00Z",0.501,2.727,15.721,1,1.769,59.31921,59.33778,-173.12098,-173.15221,"N-25",98,100,NA,7.3,1.3,320,"44","15"
"70",-767,-23828,-687763,10130,24.86,151,"2025-09-29T00:00:00Z",61,2024,98,10130,"Hippoglossoides elassodon","flathead sole","species","WORMS",274289,"Hippoglossoides","Pleuronectinae","Pleuronectidae",NA,NA,NA,"Pleuronectiformes",NA,NA,"Teleostei","Actinopteri","Vertebrata","Chordata","Animalia",NA,194,3,4,"2024-07-25T00:00:00Z",0.331,1.804,15.627,1,1.634,59.34086,59.33113,-175.73359,-175.7589,"N-29",135,137,NA,8.2,1.4,411,"44","15"
"71",-767,-23869,-688908,10130,44.099,193,"2025-09-29T00:00:00Z",61,2024,98,10130,"Hippoglossoides elassodon","flathead sole","species","WORMS",274289,"Hippoglossoides","Pleuronectinae","Pleuronectidae",NA,NA,NA,"Pleuronectiformes",NA,NA,"Teleostei","Actinopteri","Vertebrata","Chordata","Animalia",NA,202,3,4.4,"2024-07-27T00:00:00Z",0.341,1.86,15.54,1,1.763,58.00183,58.00624,-172.81007,-172.84035,"J-25",107,109,NA,8.5,2.4,366,"44","15"
"72",-767,-23870,-688939,10130,412.187,1301,"2025-09-29T00:00:00Z",61,2024,98,10130,"Hippoglossoides elassodon","flathead sole","species","WORMS",274289,"Hippoglossoides","Pleuronectinae","Pleuronectidae",NA,NA,NA,"Pleuronectiformes",NA,NA,"Teleostei","Actinopteri","Vertebrata","Chordata","Animalia",NA,203,3,0,"2024-07-27T00:00:00Z",0.496,2.817,16.325,1,1.593,57.99047,57.99464,-173.43549,-173.48235,"J-26",116,118,NA,8.3,2.8,366,"44","15"
"73",-767,-23846,-688193,10130,15.72,56,"2025-09-29T00:00:00Z",61,2024,98,10130,"Hippoglossoides elassodon","flathead sole","species","WORMS",274289,"Hippoglossoides","Pleuronectinae","Pleuronectidae",NA,NA,NA,"Pleuronectiformes",NA,NA,"Teleostei","Actinopteri","Vertebrata","Chordata","Animalia",NA,197,3,0,"2024-07-26T00:00:00Z",0.484,2.7,15.739,1,1.689,58.68516,58.69022,-174.96253,-174.91712,"L-28",190,192,NA,8.2,3.5,549,"44","15"
"74",-767,-23868,-688864,10130,29.055,217,"2025-09-29T00:00:00Z",61,2024,98,10130,"Hippoglossoides elassodon","flathead sole","species","WORMS",274289,"Hippoglossoides","Pleuronectinae","Pleuronectidae",NA,NA,NA,"Pleuronectiformes",NA,NA,"Teleostei","Actinopteri","Vertebrata","Chordata","Animalia",NA,201,3,3.1,"2024-07-27T00:00:00Z",0.506,2.807,15.325,1,1.76,58.3421,58.32572,-172.9489,-172.91251,"K-25",108,110,NA,8.5,2.3,366,"44","15"
"75",-767,-23826,-687655,10130,2.11,9,"2025-09-29T00:00:00Z",62,2024,98,10130,"Hippoglossoides elassodon","flathead sole","species","WORMS",274289,"Hippoglossoides","Pleuronectinae","Pleuronectidae",NA,NA,NA,"Pleuronectiformes",NA,NA,"Teleostei","Actinopteri","Vertebrata","Chordata","Animalia",NA,192,3,0,"2024-07-25T00:00:00Z",0.498,2.749,16.03,1,1.676,59.33669,59.33433,-174.42704,-174.475,"N-27",119,121,NA,7.6,1.9,366,"44","15"
"76",-767,-23848,-688307,10130,132.027,420,"2025-09-29T00:00:00Z",61,2024,98,10130,"Hippoglossoides elassodon","flathead sole","species","WORMS",274289,"Hippoglossoides","Pleuronectinae","Pleuronectidae",NA,NA,NA,"Pleuronectiformes",NA,NA,"Teleostei","Actinopteri","Vertebrata","Chordata","Animalia",NA,199,3,0,"2024-07-26T00:00:00Z",0.482,2.684,16.196,1,1.86,58.34459,58.32189,-174.32633,-174.3107,"K-27",174,176,NA,8.3,3.6,503,"44","15"
"77",-767,-23809,-687051,10130,40.396,121,"2025-09-29T00:00:00Z",61,2024,98,10130,"Hippoglossoides elassodon","flathead sole","species","WORMS",274289,"Hippoglossoides","Pleuronectinae","Pleuronectidae",NA,NA,NA,"Pleuronectiformes",NA,NA,"Teleostei","Actinopteri","Vertebrata","Chordata","Animalia",NA,189,3,0,"2024-07-24T00:00:00Z",0.498,2.689,15.696,1,1.865,58.9908,59.01001,-173.05894,-173.08732,"M-25",105,107,NA,7.6,1.5,366,"44","15"
"78",-767,-23803,-686993,10140,0.122,1,"2025-09-29T00:00:00Z",43,2024,98,10140,"Hippoglossoides robustus","Bering flounder","species","WORMS",254561,"Hippoglossoides","Pleuronectinae","Pleuronectidae",NA,NA,NA,"Pleuronectiformes",NA,NA,"Teleostei","Actinopteri","Vertebrata","Chordata","Animalia",NA,187,3,0,"2024-07-23T00:00:00Z",0.491,2.721,15.46,1,1.89,59.34486,59.32489,-172.4827,-172.5103,"N-24",86,88,NA,7.4,0.8,274,"44","15"
"79",-767,-23870,-688940,10200,5.552,11,"2025-09-29T00:00:00Z",61,2024,98,10200,"Glyptocephalus zachirus","rex sole","species","WORMS",274287,"Glyptocephalus","Pleuronectinae","Pleuronectidae",NA,NA,NA,"Pleuronectiformes",NA,NA,"Teleostei","Actinopteri","Vertebrata","Chordata","Animalia",NA,203,3,0,"2024-07-27T00:00:00Z",0.496,2.817,16.325,1,1.593,57.99047,57.99464,-173.43549,-173.48235,"J-26",116,118,NA,8.3,2.8,366,"44","15"
"80",-767,-23845,-688140,10200,61.878,82,"2025-09-29T00:00:00Z",61,2024,98,10200,"Glyptocephalus zachirus","rex sole","species","WORMS",274287,"Glyptocephalus","Pleuronectinae","Pleuronectidae",NA,NA,NA,"Pleuronectiformes",NA,NA,"Teleostei","Actinopteri","Vertebrata","Chordata","Animalia",NA,196,3,0,"2024-07-26T00:00:00Z",0.489,2.686,15.463,1,1.689,58.65185,58.65792,-175.57967,-175.535,"L-29",134,136,NA,7.8,2.7,411,"44","15"
"81",-767,-23867,-688817,10200,2.729,4,"2025-09-29T00:00:00Z",61,2024,98,10200,"Glyptocephalus zachirus","rex sole","species","WORMS",274287,"Glyptocephalus","Pleuronectinae","Pleuronectidae",NA,NA,NA,"Pleuronectiformes",NA,NA,"Teleostei","Actinopteri","Vertebrata","Chordata","Animalia",NA,200,3,0,"2024-07-27T00:00:00Z",0.506,2.786,15.642,1,1.693,58.33283,58.32572,-173.60936,-173.56388,"K-26",114,116,NA,8.1,2.7,366,"44","15"
"82",-767,-23846,-688194,10200,66.87,109,"2025-09-29T00:00:00Z",61,2024,98,10200,"Glyptocephalus zachirus","rex sole","species","WORMS",274287,"Glyptocephalus","Pleuronectinae","Pleuronectidae",NA,NA,NA,"Pleuronectiformes",NA,NA,"Teleostei","Actinopteri","Vertebrata","Chordata","Animalia",NA,197,3,0,"2024-07-26T00:00:00Z",0.484,2.7,15.739,1,1.689,58.68516,58.69022,-174.96253,-174.91712,"L-28",190,192,NA,8.2,3.5,549,"44","15"
"83",-767,-23847,-688251,10200,5.61,12,"2025-09-29T00:00:00Z",61,2024,98,10200,"Glyptocephalus zachirus","rex sole","species","WORMS",274287,"Glyptocephalus","Pleuronectinae","Pleuronectidae",NA,NA,NA,"Pleuronectiformes",NA,NA,"Teleostei","Actinopteri","Vertebrata","Chordata","Animalia",NA,198,3,0,"2024-07-26T00:00:00Z",0.5,2.766,16.535,1,1.747,58.67967,58.65483,-174.27299,-174.27598,"L-27",155,157,NA,8,3.1,457,"44","15"
"84",-767,-23848,-688308,10200,37.037,94,"2025-09-29T00:00:00Z",61,2024,98,10200,"Glyptocephalus zachirus","rex sole","species","WORMS",274287,"Glyptocephalus","Pleuronectinae","Pleuronectidae",NA,NA,NA,"Pleuronectiformes",NA,NA,"Teleostei","Actinopteri","Vertebrata","Chordata","Animalia",NA,199,3,0,"2024-07-26T00:00:00Z",0.482,2.684,16.196,1,1.86,58.34459,58.32189,-174.32633,-174.3107,"K-27",174,176,NA,8.3,3.6,503,"44","15"
"85",-767,-23827,-687710,10200,0.41,1,"2025-09-29T00:00:00Z",61,2024,98,10200,"Glyptocephalus zachirus","rex sole","species","WORMS",274287,"Glyptocephalus","Pleuronectinae","Pleuronectidae",NA,NA,NA,"Pleuronectiformes",NA,NA,"Teleostei","Actinopteri","Vertebrata","Chordata","Animalia",NA,193,3,0,"2024-07-25T00:00:00Z",0.334,1.83,15.732,1,1.618,59.33758,59.33563,-175.0684,-175.10024,"N-28",131,133,NA,8,2.4,411,"44","15"
"86",-767,-23828,-687764,10210,0.202,1,"2025-09-29T00:00:00Z",61,2024,98,10210,"Limanda aspera","yellowfin sole","species","WORMS",254562,"Limanda","Pleuronectinae","Pleuronectidae",NA,NA,NA,"Pleuronectiformes",NA,NA,"Teleostei","Actinopteri","Vertebrata","Chordata","Animalia",NA,194,3,4,"2024-07-25T00:00:00Z",0.331,1.804,15.627,1,1.634,59.34086,59.33113,-175.73359,-175.7589,"N-29",135,137,NA,8.2,1.4,411,"44","15"
"87",-767,-23809,-687052,10261,2.35,7,"2025-09-29T00:00:00Z",61,2024,98,10261,"Lepidopsetta polyxystra","northern rock sole","species","WORMS",281307,"Lepidopsetta","Pleuronectinae","Pleuronectidae",NA,NA,NA,"Pleuronectiformes",NA,NA,"Teleostei","Actinopteri","Vertebrata","Chordata","Animalia",NA,189,3,0,"2024-07-24T00:00:00Z",0.498,2.689,15.696,1,1.865,58.9908,59.01001,-173.05894,-173.08732,"M-25",105,107,NA,7.6,1.5,366,"44","15"
"88",-767,-23847,-688252,10261,0.298,1,"2025-09-29T00:00:00Z",61,2024,98,10261,"Lepidopsetta polyxystra","northern rock sole","species","WORMS",281307,"Lepidopsetta","Pleuronectinae","Pleuronectidae",NA,NA,NA,"Pleuronectiformes",NA,NA,"Teleostei","Actinopteri","Vertebrata","Chordata","Animalia",NA,198,3,0,"2024-07-26T00:00:00Z",0.5,2.766,16.535,1,1.747,58.67967,58.65483,-174.27299,-174.27598,"L-27",155,157,NA,8,3.1,457,"44","15"
"89",-767,-23810,-687168,10261,1.16,3,"2025-09-29T00:00:00Z",43,2024,98,10261,"Lepidopsetta polyxystra","northern rock sole","species","WORMS",281307,"Lepidopsetta","Pleuronectinae","Pleuronectidae",NA,NA,NA,"Pleuronectiformes",NA,NA,"Teleostei","Actinopteri","Vertebrata","Chordata","Animalia",NA,190,3,0,"2024-07-24T00:00:00Z",0.501,2.727,15.721,1,1.769,59.31921,59.33778,-173.12098,-173.15221,"N-25",98,100,NA,7.3,1.3,320,"44","15"
"90",-767,-23828,-687765,10261,0.31,1,"2025-09-29T00:00:00Z",61,2024,98,10261,"Lepidopsetta polyxystra","northern rock sole","species","WORMS",281307,"Lepidopsetta","Pleuronectinae","Pleuronectidae",NA,NA,NA,"Pleuronectiformes",NA,NA,"Teleostei","Actinopteri","Vertebrata","Chordata","Animalia",NA,194,3,4,"2024-07-25T00:00:00Z",0.331,1.804,15.627,1,1.634,59.34086,59.33113,-175.73359,-175.7589,"N-29",135,137,NA,8.2,1.4,411,"44","15"
"91",-767,-23845,-688141,10261,3.06,6,"2025-09-29T00:00:00Z",61,2024,98,10261,"Lepidopsetta polyxystra","northern rock sole","species","WORMS",281307,"Lepidopsetta","Pleuronectinae","Pleuronectidae",NA,NA,NA,"Pleuronectiformes",NA,NA,"Teleostei","Actinopteri","Vertebrata","Chordata","Animalia",NA,196,3,0,"2024-07-26T00:00:00Z",0.489,2.686,15.463,1,1.689,58.65185,58.65792,-175.57967,-175.535,"L-29",134,136,NA,7.8,2.7,411,"44","15"
"92",-767,-23868,-688865,10261,3.177,9,"2025-09-29T00:00:00Z",61,2024,98,10261,"Lepidopsetta polyxystra","northern rock sole","species","WORMS",281307,"Lepidopsetta","Pleuronectinae","Pleuronectidae",NA,NA,NA,"Pleuronectiformes",NA,NA,"Teleostei","Actinopteri","Vertebrata","Chordata","Animalia",NA,201,3,3.1,"2024-07-27T00:00:00Z",0.506,2.807,15.325,1,1.76,58.3421,58.32572,-172.9489,-172.91251,"K-25",108,110,NA,8.5,2.3,366,"44","15"
"93",-767,-23829,-687806,10261,0.556,1,"2025-09-29T00:00:00Z",61,2024,98,10261,"Lepidopsetta polyxystra","northern rock sole","species","WORMS",281307,"Lepidopsetta","Pleuronectinae","Pleuronectidae",NA,NA,NA,"Pleuronectiformes",NA,NA,"Teleostei","Actinopteri","Vertebrata","Chordata","Animalia",NA,195,3,0,"2024-07-25T00:00:00Z",0.496,2.712,15.843,1,1.692,59.01617,58.99354,-175.73917,-175.72155,"M-29",132,134,NA,8.1,1.6,411,"44","15"
"94",-767,-23827,-687711,10261,0.21,1,"2025-09-29T00:00:00Z",61,2024,98,10261,"Lepidopsetta polyxystra","northern rock sole","species","WORMS",281307,"Lepidopsetta","Pleuronectinae","Pleuronectidae",NA,NA,NA,"Pleuronectiformes",NA,NA,"Teleostei","Actinopteri","Vertebrata","Chordata","Animalia",NA,193,3,0,"2024-07-25T00:00:00Z",0.334,1.83,15.732,1,1.618,59.33758,59.33563,-175.0684,-175.10024,"N-28",131,133,NA,8,2.4,411,"44","15"
"95",-767,-23826,-687656,10261,1.946,4,"2025-09-29T00:00:00Z",62,2024,98,10261,"Lepidopsetta polyxystra","northern rock sole","species","WORMS",281307,"Lepidopsetta","Pleuronectinae","Pleuronectidae",NA,NA,NA,"Pleuronectiformes",NA,NA,"Teleostei","Actinopteri","Vertebrata","Chordata","Animalia",NA,192,3,0,"2024-07-25T00:00:00Z",0.498,2.749,16.03,1,1.676,59.33669,59.33433,-174.42704,-174.475,"N-27",119,121,NA,7.6,1.9,366,"44","15"
"96",-767,-23808,-687108,10261,1.114,4,"2025-09-29T00:00:00Z",41,2024,98,10261,"Lepidopsetta polyxystra","northern rock sole","species","WORMS",281307,"Lepidopsetta","Pleuronectinae","Pleuronectidae",NA,NA,NA,"Pleuronectiformes",NA,NA,"Teleostei","Actinopteri","Vertebrata","Chordata","Animalia",NA,188,3,0,"2024-07-24T00:00:00Z",0.499,2.726,15.791,1,1.717,59.00443,59.01141,-172.40673,-172.45207,"M-24",97,99,NA,7.3,1.1,320,"44","15"
"97",-767,-23867,-688818,10261,16.003,37,"2025-09-29T00:00:00Z",61,2024,98,10261,"Lepidopsetta polyxystra","northern rock sole","species","WORMS",281307,"Lepidopsetta","Pleuronectinae","Pleuronectidae",NA,NA,NA,"Pleuronectiformes",NA,NA,"Teleostei","Actinopteri","Vertebrata","Chordata","Animalia",NA,200,3,0,"2024-07-27T00:00:00Z",0.506,2.786,15.642,1,1.693,58.33283,58.32572,-173.60936,-173.56388,"K-26",114,116,NA,8.1,2.7,366,"44","15"
"98",-767,-23803,-686994,10261,2.86,8,"2025-09-29T00:00:00Z",43,2024,98,10261,"Lepidopsetta polyxystra","northern rock sole","species","WORMS",281307,"Lepidopsetta","Pleuronectinae","Pleuronectidae",NA,NA,NA,"Pleuronectiformes",NA,NA,"Teleostei","Actinopteri","Vertebrata","Chordata","Animalia",NA,187,3,0,"2024-07-23T00:00:00Z",0.491,2.721,15.46,1,1.89,59.34486,59.32489,-172.4827,-172.5103,"N-24",86,88,NA,7.4,0.8,274,"44","15"
"99",-767,-23848,-688309,10261,2.647,7,"2025-09-29T00:00:00Z",61,2024,98,10261,"Lepidopsetta polyxystra","northern rock sole","species","WORMS",281307,"Lepidopsetta","Pleuronectinae","Pleuronectidae",NA,NA,NA,"Pleuronectiformes",NA,NA,"Teleostei","Actinopteri","Vertebrata","Chordata","Animalia",NA,199,3,0,"2024-07-26T00:00:00Z",0.482,2.684,16.196,1,1.86,58.34459,58.32189,-174.32633,-174.3107,"K-27",174,176,NA,8.3,3.6,503,"44","15"
"100",-767,-23846,-688197,21341,1.24,10,"2025-09-29T00:00:00Z",61,2024,98,21341,"Malacocottus zonurus","darkfin sculpin","species","WORMS",254406,"Malacocottus",NA,"Psychrolutidae",NA,NA,"Cottoidei","Perciformes",NA,NA,"Teleostei","Actinopteri","Vertebrata","Chordata","Animalia",NA,197,3,0,"2024-07-26T00:00:00Z",0.484,2.7,15.739,1,1.689,58.68516,58.69022,-174.96253,-174.91712,"L-28",190,192,NA,8.2,3.5,549,"44","15"
"101",-767,-23809,-687055,21347,0.492,1,"2025-09-29T00:00:00Z",61,2024,98,21347,"Hemilepidotus jordani","yellow Irish lord","species","WORMS",254522,"Hemilepidotus",NA,"Cottidae",NA,NA,"Cottoidei","Perciformes",NA,NA,"Teleostei","Actinopteri","Vertebrata","Chordata","Animalia",NA,189,3,0,"2024-07-24T00:00:00Z",0.498,2.689,15.696,1,1.865,58.9908,59.01001,-173.05894,-173.08732,"M-25",105,107,NA,7.6,1.5,366,"44","15"
"102",-767,-23811,-687226,21347,14.13,46,"2025-09-29T00:00:00Z",62,2024,98,21347,"Hemilepidotus jordani","yellow Irish lord","species","WORMS",254522,"Hemilepidotus",NA,"Cottidae",NA,NA,"Cottoidei","Perciformes",NA,NA,"Teleostei","Actinopteri","Vertebrata","Chordata","Animalia",NA,191,3,0,"2024-07-24T00:00:00Z",0.504,2.83,16.19,1,1.728,59.33538,59.32674,-173.77934,-173.82599,"N-26",108,110,NA,7.7,1.6,366,"44","15"
"103",-767,-23868,-688854,21347,3.55,6,"2025-09-29T00:00:00Z",61,2024,98,21347,"Hemilepidotus jordani","yellow Irish lord","species","WORMS",254522,"Hemilepidotus",NA,"Cottidae",NA,NA,"Cottoidei","Perciformes",NA,NA,"Teleostei","Actinopteri","Vertebrata","Chordata","Animalia",NA,201,3,3.1,"2024-07-27T00:00:00Z",0.506,2.807,15.325,1,1.76,58.3421,58.32572,-172.9489,-172.91251,"K-25",108,110,NA,8.5,2.3,366,"44","15"
"104",-767,-23848,-688311,21354,1.577,66,"2025-09-29T00:00:00Z",61,2024,98,21354,"Triglops scepticus","spectacled sculpin","species","WORMS",254531,"Triglops",NA,"Cottidae",NA,NA,"Cottoidei","Perciformes",NA,NA,"Teleostei","Actinopteri","Vertebrata","Chordata","Animalia",NA,199,3,0,"2024-07-26T00:00:00Z",0.482,2.684,16.196,1,1.86,58.34459,58.32189,-174.32633,-174.3107,"K-27",174,176,NA,8.3,3.6,503,"44","15"
"105",-767,-23847,-688255,21354,0.822,26,"2025-09-29T00:00:00Z",61,2024,98,21354,"Triglops scepticus","spectacled sculpin","species","WORMS",254531,"Triglops",NA,"Cottidae",NA,NA,"Cottoidei","Perciformes",NA,NA,"Teleostei","Actinopteri","Vertebrata","Chordata","Animalia",NA,198,3,0,"2024-07-26T00:00:00Z",0.5,2.766,16.535,1,1.747,58.67967,58.65483,-174.27299,-174.27598,"L-27",155,157,NA,8,3.1,457,"44","15"
"106",-767,-23846,-688198,21354,7.579,202,"2025-09-29T00:00:00Z",61,2024,98,21354,"Triglops scepticus","spectacled sculpin","species","WORMS",254531,"Triglops",NA,"Cottidae",NA,NA,"Cottoidei","Perciformes",NA,NA,"Teleostei","Actinopteri","Vertebrata","Chordata","Animalia",NA,197,3,0,"2024-07-26T00:00:00Z",0.484,2.7,15.739,1,1.689,58.68516,58.69022,-174.96253,-174.91712,"L-28",190,192,NA,8.2,3.5,549,"44","15"
"107",-767,-23808,-687111,21370,0.632,1,"2025-09-29T00:00:00Z",41,2024,98,21370,"Myoxocephalus polyacanthocephalus","great sculpin","species","WORMS",254528,"Myoxocephalus",NA,"Cottidae",NA,NA,"Cottoidei","Perciformes",NA,NA,"Teleostei","Actinopteri","Vertebrata","Chordata","Animalia",NA,188,3,0,"2024-07-24T00:00:00Z",0.499,2.726,15.791,1,1.717,59.00443,59.01141,-172.40673,-172.45207,"M-24",97,99,NA,7.3,1.1,320,"44","15"
"108",-767,-23809,-687056,21370,231.18,64,"2025-09-29T00:00:00Z",61,2024,98,21370,"Myoxocephalus polyacanthocephalus","great sculpin","species","WORMS",254528,"Myoxocephalus",NA,"Cottidae",NA,NA,"Cottoidei","Perciformes",NA,NA,"Teleostei","Actinopteri","Vertebrata","Chordata","Animalia",NA,189,3,0,"2024-07-24T00:00:00Z",0.498,2.689,15.696,1,1.865,58.9908,59.01001,-173.05894,-173.08732,"M-25",105,107,NA,7.6,1.5,366,"44","15"
"109",-767,-23803,-686999,21370,10.75,3,"2025-09-29T00:00:00Z",43,2024,98,21370,"Myoxocephalus polyacanthocephalus","great sculpin","species","WORMS",254528,"Myoxocephalus",NA,"Cottidae",NA,NA,"Cottoidei","Perciformes",NA,NA,"Teleostei","Actinopteri","Vertebrata","Chordata","Animalia",NA,187,3,0,"2024-07-23T00:00:00Z",0.491,2.721,15.46,1,1.89,59.34486,59.32489,-172.4827,-172.5103,"N-24",86,88,NA,7.4,0.8,274,"44","15"
"110",-767,-23811,-687227,21370,3.92,2,"2025-09-29T00:00:00Z",62,2024,98,21370,"Myoxocephalus polyacanthocephalus","great sculpin","species","WORMS",254528,"Myoxocephalus",NA,"Cottidae",NA,NA,"Cottoidei","Perciformes",NA,NA,"Teleostei","Actinopteri","Vertebrata","Chordata","Animalia",NA,191,3,0,"2024-07-24T00:00:00Z",0.504,2.83,16.19,1,1.728,59.33538,59.32674,-173.77934,-173.82599,"N-26",108,110,NA,7.7,1.6,366,"44","15"
"111",-767,-23826,-687659,21370,7.46,2,"2025-09-29T00:00:00Z",62,2024,98,21370,"Myoxocephalus polyacanthocephalus","great sculpin","species","WORMS",254528,"Myoxocephalus",NA,"Cottidae",NA,NA,"Cottoidei","Perciformes",NA,NA,"Teleostei","Actinopteri","Vertebrata","Chordata","Animalia",NA,192,3,0,"2024-07-25T00:00:00Z",0.498,2.749,16.03,1,1.676,59.33669,59.33433,-174.42704,-174.475,"N-27",119,121,NA,7.6,1.9,366,"44","15"
"112",-767,-23845,-688143,21370,7.35,1,"2025-09-29T00:00:00Z",61,2024,98,21370,"Myoxocephalus polyacanthocephalus","great sculpin","species","WORMS",254528,"Myoxocephalus",NA,"Cottidae",NA,NA,"Cottoidei","Perciformes",NA,NA,"Teleostei","Actinopteri","Vertebrata","Chordata","Animalia",NA,196,3,0,"2024-07-26T00:00:00Z",0.489,2.686,15.463,1,1.689,58.65185,58.65792,-175.57967,-175.535,"L-29",134,136,NA,7.8,2.7,411,"44","15"
"113",-767,-23868,-688855,21370,25.08,5,"2025-09-29T00:00:00Z",61,2024,98,21370,"Myoxocephalus polyacanthocephalus","great sculpin","species","WORMS",254528,"Myoxocephalus",NA,"Cottidae",NA,NA,"Cottoidei","Perciformes",NA,NA,"Teleostei","Actinopteri","Vertebrata","Chordata","Animalia",NA,201,3,3.1,"2024-07-27T00:00:00Z",0.506,2.807,15.325,1,1.76,58.3421,58.32572,-172.9489,-172.91251,"K-25",108,110,NA,8.5,2.3,366,"44","15"
"114",-767,-23869,-688909,21390,9.514,64,"2025-09-29T00:00:00Z",61,2024,98,21390,"Dasycottus setiger","spinyhead sculpin","species","WORMS",280488,"Dasycottus",NA,"Psychrolutidae",NA,NA,"Cottoidei","Perciformes",NA,NA,"Teleostei","Actinopteri","Vertebrata","Chordata","Animalia",NA,202,3,4.4,"2024-07-27T00:00:00Z",0.341,1.86,15.54,1,1.763,58.00183,58.00624,-172.81007,-172.84035,"J-25",107,109,NA,8.5,2.4,366,"44","15"
"115",-767,-23809,-687057,21390,0.484,1,"2025-09-29T00:00:00Z",61,2024,98,21390,"Dasycottus setiger","spinyhead sculpin","species","WORMS",280488,"Dasycottus",NA,"Psychrolutidae",NA,NA,"Cottoidei","Perciformes",NA,NA,"Teleostei","Actinopteri","Vertebrata","Chordata","Animalia",NA,189,3,0,"2024-07-24T00:00:00Z",0.498,2.689,15.696,1,1.865,58.9908,59.01001,-173.05894,-173.08732,"M-25",105,107,NA,7.6,1.5,366,"44","15"
"116",-767,-23846,-688199,21390,1.25,11,"2025-09-29T00:00:00Z",61,2024,98,21390,"Dasycottus setiger","spinyhead sculpin","species","WORMS",280488,"Dasycottus",NA,"Psychrolutidae",NA,NA,"Cottoidei","Perciformes",NA,NA,"Teleostei","Actinopteri","Vertebrata","Chordata","Animalia",NA,197,3,0,"2024-07-26T00:00:00Z",0.484,2.7,15.739,1,1.689,58.68516,58.69022,-174.96253,-174.91712,"L-28",190,192,NA,8.2,3.5,549,"44","15"
"117",-767,-23808,-687112,21390,0.324,2,"2025-09-29T00:00:00Z",41,2024,98,21390,"Dasycottus setiger","spinyhead sculpin","species","WORMS",280488,"Dasycottus",NA,"Psychrolutidae",NA,NA,"Cottoidei","Perciformes",NA,NA,"Teleostei","Actinopteri","Vertebrata","Chordata","Animalia",NA,188,3,0,"2024-07-24T00:00:00Z",0.499,2.726,15.791,1,1.717,59.00443,59.01141,-172.40673,-172.45207,"M-24",97,99,NA,7.3,1.1,320,"44","15"
"118",-767,-23845,-688144,21390,0.048,2,"2025-09-29T00:00:00Z",61,2024,98,21390,"Dasycottus setiger","spinyhead sculpin","species","WORMS",280488,"Dasycottus",NA,"Psychrolutidae",NA,NA,"Cottoidei","Perciformes",NA,NA,"Teleostei","Actinopteri","Vertebrata","Chordata","Animalia",NA,196,3,0,"2024-07-26T00:00:00Z",0.489,2.686,15.463,1,1.689,58.65185,58.65792,-175.57967,-175.535,"L-29",134,136,NA,7.8,2.7,411,"44","15"
"119",-767,-23827,-687714,21390,0.588,3,"2025-09-29T00:00:00Z",61,2024,98,21390,"Dasycottus setiger","spinyhead sculpin","species","WORMS",280488,"Dasycottus",NA,"Psychrolutidae",NA,NA,"Cottoidei","Perciformes",NA,NA,"Teleostei","Actinopteri","Vertebrata","Chordata","Animalia",NA,193,3,0,"2024-07-25T00:00:00Z",0.334,1.83,15.732,1,1.618,59.33758,59.33563,-175.0684,-175.10024,"N-28",131,133,NA,8,2.4,411,"44","15"
"120",-767,-23828,-687766,21390,0.088,2,"2025-09-29T00:00:00Z",61,2024,98,21390,"Dasycottus setiger","spinyhead sculpin","species","WORMS",280488,"Dasycottus",NA,"Psychrolutidae",NA,NA,"Cottoidei","Perciformes",NA,NA,"Teleostei","Actinopteri","Vertebrata","Chordata","Animalia",NA,194,3,4,"2024-07-25T00:00:00Z",0.331,1.804,15.627,1,1.634,59.34086,59.33113,-175.73359,-175.7589,"N-29",135,137,NA,8.2,1.4,411,"44","15"
"121",-767,-23810,-687171,21390,0.378,1,"2025-09-29T00:00:00Z",43,2024,98,21390,"Dasycottus setiger","spinyhead sculpin","species","WORMS",280488,"Dasycottus",NA,"Psychrolutidae",NA,NA,"Cottoidei","Perciformes",NA,NA,"Teleostei","Actinopteri","Vertebrata","Chordata","Animalia",NA,190,3,0,"2024-07-24T00:00:00Z",0.501,2.727,15.721,1,1.769,59.31921,59.33778,-173.12098,-173.15221,"N-25",98,100,NA,7.3,1.3,320,"44","15"
"122",-767,-23826,-687660,21390,2.106,6,"2025-09-29T00:00:00Z",62,2024,98,21390,"Dasycottus setiger","spinyhead sculpin","species","WORMS",280488,"Dasycottus",NA,"Psychrolutidae",NA,NA,"Cottoidei","Perciformes",NA,NA,"Teleostei","Actinopteri","Vertebrata","Chordata","Animalia",NA,192,3,0,"2024-07-25T00:00:00Z",0.498,2.749,16.03,1,1.676,59.33669,59.33433,-174.42704,-174.475,"N-27",119,121,NA,7.6,1.9,366,"44","15"
"123",-767,-23847,-688256,21390,0.848,5,"2025-09-29T00:00:00Z",61,2024,98,21390,"Dasycottus setiger","spinyhead sculpin","species","WORMS",280488,"Dasycottus",NA,"Psychrolutidae",NA,NA,"Cottoidei","Perciformes",NA,NA,"Teleostei","Actinopteri","Vertebrata","Chordata","Animalia",NA,198,3,0,"2024-07-26T00:00:00Z",0.5,2.766,16.535,1,1.747,58.67967,58.65483,-174.27299,-174.27598,"L-27",155,157,NA,8,3.1,457,"44","15"
"124",-767,-23829,-687809,21720,8.56,3,"2025-09-29T00:00:00Z",61,2024,98,21720,"Gadus macrocephalus","Pacific cod","species","WORMS",254538,"Gadus",NA,"Gadidae",NA,NA,NA,"Gadiformes",NA,NA,"Teleostei","Actinopteri","Vertebrata","Chordata","Animalia",NA,195,3,0,"2024-07-25T00:00:00Z",0.496,2.712,15.843,1,1.692,59.01617,58.99354,-175.73917,-175.72155,"M-29",132,134,NA,8.1,1.6,411,"44","15"
"125",-767,-23826,-687663,21720,49.15,17,"2025-09-29T00:00:00Z",62,2024,98,21720,"Gadus macrocephalus","Pacific cod","species","WORMS",254538,"Gadus",NA,"Gadidae",NA,NA,NA,"Gadiformes",NA,NA,"Teleostei","Actinopteri","Vertebrata","Chordata","Animalia",NA,192,3,0,"2024-07-25T00:00:00Z",0.498,2.749,16.03,1,1.676,59.33669,59.33433,-174.42704,-174.475,"N-27",119,121,NA,7.6,1.9,366,"44","15"
"126",-767,-23810,-687175,21720,81.04,37,"2025-09-29T00:00:00Z",43,2024,98,21720,"Gadus macrocephalus","Pacific cod","species","WORMS",254538,"Gadus",NA,"Gadidae",NA,NA,NA,"Gadiformes",NA,NA,"Teleostei","Actinopteri","Vertebrata","Chordata","Animalia",NA,190,3,0,"2024-07-24T00:00:00Z",0.501,2.727,15.721,1,1.769,59.31921,59.33778,-173.12098,-173.15221,"N-25",98,100,NA,7.3,1.3,320,"44","15"
"127",-767,-23828,-687768,21720,18.59,5,"2025-09-29T00:00:00Z",61,2024,98,21720,"Gadus macrocephalus","Pacific cod","species","WORMS",254538,"Gadus",NA,"Gadidae",NA,NA,NA,"Gadiformes",NA,NA,"Teleostei","Actinopteri","Vertebrata","Chordata","Animalia",NA,194,3,4,"2024-07-25T00:00:00Z",0.331,1.804,15.627,1,1.634,59.34086,59.33113,-175.73359,-175.7589,"N-29",135,137,NA,8.2,1.4,411,"44","15"
"128",-767,-23869,-688904,21720,77.37,24,"2025-09-29T00:00:00Z",61,2024,98,21720,"Gadus macrocephalus","Pacific cod","species","WORMS",254538,"Gadus",NA,"Gadidae",NA,NA,NA,"Gadiformes",NA,NA,"Teleostei","Actinopteri","Vertebrata","Chordata","Animalia",NA,202,3,4.4,"2024-07-27T00:00:00Z",0.341,1.86,15.54,1,1.763,58.00183,58.00624,-172.81007,-172.84035,"J-25",107,109,NA,8.5,2.4,366,"44","15"
"129",-767,-23809,-687060,21720,73.21,26,"2025-09-29T00:00:00Z",61,2024,98,21720,"Gadus macrocephalus","Pacific cod","species","WORMS",254538,"Gadus",NA,"Gadidae",NA,NA,NA,"Gadiformes",NA,NA,"Teleostei","Actinopteri","Vertebrata","Chordata","Animalia",NA,189,3,0,"2024-07-24T00:00:00Z",0.498,2.689,15.696,1,1.865,58.9908,59.01001,-173.05894,-173.08732,"M-25",105,107,NA,7.6,1.5,366,"44","15"
"130",-767,-23808,-687115,21720,93.012,39,"2025-09-29T00:00:00Z",41,2024,98,21720,"Gadus macrocephalus","Pacific cod","species","WORMS",254538,"Gadus",NA,"Gadidae",NA,NA,NA,"Gadiformes",NA,NA,"Teleostei","Actinopteri","Vertebrata","Chordata","Animalia",NA,188,3,0,"2024-07-24T00:00:00Z",0.499,2.726,15.791,1,1.717,59.00443,59.01141,-172.40673,-172.45207,"M-24",97,99,NA,7.3,1.1,320,"44","15"
"131",-767,-23811,-687231,21720,67.53,33,"2025-09-29T00:00:00Z",62,2024,98,21720,"Gadus macrocephalus","Pacific cod","species","WORMS",254538,"Gadus",NA,"Gadidae",NA,NA,NA,"Gadiformes",NA,NA,"Teleostei","Actinopteri","Vertebrata","Chordata","Animalia",NA,191,3,0,"2024-07-24T00:00:00Z",0.504,2.83,16.19,1,1.728,59.33538,59.32674,-173.77934,-173.82599,"N-26",108,110,NA,7.7,1.6,366,"44","15"
"132",-767,-23867,-688810,21720,20.88,7,"2025-09-29T00:00:00Z",61,2024,98,21720,"Gadus macrocephalus","Pacific cod","species","WORMS",254538,"Gadus",NA,"Gadidae",NA,NA,NA,"Gadiformes",NA,NA,"Teleostei","Actinopteri","Vertebrata","Chordata","Animalia",NA,200,3,0,"2024-07-27T00:00:00Z",0.506,2.786,15.642,1,1.693,58.33283,58.32572,-173.60936,-173.56388,"K-26",114,116,NA,8.1,2.7,366,"44","15"
"133",-767,-23846,-688202,21720,5.3,2,"2025-09-29T00:00:00Z",61,2024,98,21720,"Gadus macrocephalus","Pacific cod","species","WORMS",254538,"Gadus",NA,"Gadidae",NA,NA,NA,"Gadiformes",NA,NA,"Teleostei","Actinopteri","Vertebrata","Chordata","Animalia",NA,197,3,0,"2024-07-26T00:00:00Z",0.484,2.7,15.739,1,1.689,58.68516,58.69022,-174.96253,-174.91712,"L-28",190,192,NA,8.2,3.5,549,"44","15"
"134",-767,-23803,-687001,21720,197.35,115,"2025-09-29T00:00:00Z",43,2024,98,21720,"Gadus macrocephalus","Pacific cod","species","WORMS",254538,"Gadus",NA,"Gadidae",NA,NA,NA,"Gadiformes",NA,NA,"Teleostei","Actinopteri","Vertebrata","Chordata","Animalia",NA,187,3,0,"2024-07-23T00:00:00Z",0.491,2.721,15.46,1,1.89,59.34486,59.32489,-172.4827,-172.5103,"N-24",86,88,NA,7.4,0.8,274,"44","15"
"135",-767,-23870,-688934,21720,25.21,5,"2025-09-29T00:00:00Z",61,2024,98,21720,"Gadus macrocephalus","Pacific cod","species","WORMS",254538,"Gadus",NA,"Gadidae",NA,NA,NA,"Gadiformes",NA,NA,"Teleostei","Actinopteri","Vertebrata","Chordata","Animalia",NA,203,3,0,"2024-07-27T00:00:00Z",0.496,2.817,16.325,1,1.593,57.99047,57.99464,-173.43549,-173.48235,"J-26",116,118,NA,8.3,2.8,366,"44","15"
"136",-767,-23868,-688857,21720,136.93,37,"2025-09-29T00:00:00Z",61,2024,98,21720,"Gadus macrocephalus","Pacific cod","species","WORMS",254538,"Gadus",NA,"Gadidae",NA,NA,NA,"Gadiformes",NA,NA,"Teleostei","Actinopteri","Vertebrata","Chordata","Animalia",NA,201,3,3.1,"2024-07-27T00:00:00Z",0.506,2.807,15.325,1,1.76,58.3421,58.32572,-172.9489,-172.91251,"K-25",108,110,NA,8.5,2.3,366,"44","15"
"137",-767,-23827,-687717,21720,20.81,8,"2025-09-29T00:00:00Z",61,2024,98,21720,"Gadus macrocephalus","Pacific cod","species","WORMS",254538,"Gadus",NA,"Gadidae",NA,NA,NA,"Gadiformes",NA,NA,"Teleostei","Actinopteri","Vertebrata","Chordata","Animalia",NA,193,3,0,"2024-07-25T00:00:00Z",0.334,1.83,15.732,1,1.618,59.33758,59.33563,-175.0684,-175.10024,"N-28",131,133,NA,8,2.4,411,"44","15"
"138",-767,-23847,-688258,21720,12.56,10,"2025-09-29T00:00:00Z",61,2024,98,21720,"Gadus macrocephalus","Pacific cod","species","WORMS",254538,"Gadus",NA,"Gadidae",NA,NA,NA,"Gadiformes",NA,NA,"Teleostei","Actinopteri","Vertebrata","Chordata","Animalia",NA,198,3,0,"2024-07-26T00:00:00Z",0.5,2.766,16.535,1,1.747,58.67967,58.65483,-174.27299,-174.27598,"L-27",155,157,NA,8,3.1,457,"44","15"
"139",-767,-23848,-688300,21720,1.632,1,"2025-09-29T00:00:00Z",61,2024,98,21720,"Gadus macrocephalus","Pacific cod","species","WORMS",254538,"Gadus",NA,"Gadidae",NA,NA,NA,"Gadiformes",NA,NA,"Teleostei","Actinopteri","Vertebrata","Chordata","Animalia",NA,199,3,0,"2024-07-26T00:00:00Z",0.482,2.684,16.196,1,1.86,58.34459,58.32189,-174.32633,-174.3107,"K-27",174,176,NA,8.3,3.6,503,"44","15"
"140",-767,-23845,-688146,21720,28.08,9,"2025-09-29T00:00:00Z",61,2024,98,21720,"Gadus macrocephalus","Pacific cod","species","WORMS",254538,"Gadus",NA,"Gadidae",NA,NA,NA,"Gadiformes",NA,NA,"Teleostei","Actinopteri","Vertebrata","Chordata","Animalia",NA,196,3,0,"2024-07-26T00:00:00Z",0.489,2.686,15.463,1,1.689,58.65185,58.65792,-175.57967,-175.535,"L-29",134,136,NA,7.8,2.7,411,"44","15"
"141",-767,-23868,-688867,21740,3387.765,6518,"2025-09-29T00:00:00Z",61,2024,98,21740,"Gadus chalcogrammus","walleye pollock","species","WORMS",300735,"Gadus",NA,"Gadidae",NA,NA,NA,"Gadiformes",NA,NA,"Teleostei","Actinopteri","Vertebrata","Chordata","Animalia",NA,201,3,3.1,"2024-07-27T00:00:00Z",0.506,2.807,15.325,1,1.76,58.3421,58.32572,-172.9489,-172.91251,"K-25",108,110,NA,8.5,2.3,366,"44","15"
"142",-767,-23808,-687116,21740,301.99,634,"2025-09-29T00:00:00Z",41,2024,98,21740,"Gadus chalcogrammus","walleye pollock","species","WORMS",300735,"Gadus",NA,"Gadidae",NA,NA,NA,"Gadiformes",NA,NA,"Teleostei","Actinopteri","Vertebrata","Chordata","Animalia",NA,188,3,0,"2024-07-24T00:00:00Z",0.499,2.726,15.791,1,1.717,59.00443,59.01141,-172.40673,-172.45207,"M-24",97,99,NA,7.3,1.1,320,"44","15"
"143",-767,-23846,-688203,21740,69.405,104,"2025-09-29T00:00:00Z",61,2024,98,21740,"Gadus chalcogrammus","walleye pollock","species","WORMS",300735,"Gadus",NA,"Gadidae",NA,NA,NA,"Gadiformes",NA,NA,"Teleostei","Actinopteri","Vertebrata","Chordata","Animalia",NA,197,3,0,"2024-07-26T00:00:00Z",0.484,2.7,15.739,1,1.689,58.68516,58.69022,-174.96253,-174.91712,"L-28",190,192,NA,8.2,3.5,549,"44","15"
"144",-767,-23809,-687061,21740,535.82,1383,"2025-09-29T00:00:00Z",61,2024,98,21740,"Gadus chalcogrammus","walleye pollock","species","WORMS",300735,"Gadus",NA,"Gadidae",NA,NA,NA,"Gadiformes",NA,NA,"Teleostei","Actinopteri","Vertebrata","Chordata","Animalia",NA,189,3,0,"2024-07-24T00:00:00Z",0.498,2.689,15.696,1,1.865,58.9908,59.01001,-173.05894,-173.08732,"M-25",105,107,NA,7.6,1.5,366,"44","15"
"145",-767,-23848,-688312,21740,1076.092,1546,"2025-09-29T00:00:00Z",61,2024,98,21740,"Gadus chalcogrammus","walleye pollock","species","WORMS",300735,"Gadus",NA,"Gadidae",NA,NA,NA,"Gadiformes",NA,NA,"Teleostei","Actinopteri","Vertebrata","Chordata","Animalia",NA,199,3,0,"2024-07-26T00:00:00Z",0.482,2.684,16.196,1,1.86,58.34459,58.32189,-174.32633,-174.3107,"K-27",174,176,NA,8.3,3.6,503,"44","15"
"146",-767,-23869,-688910,21740,5484.091,11571,"2025-09-29T00:00:00Z",61,2024,98,21740,"Gadus chalcogrammus","walleye pollock","species","WORMS",300735,"Gadus",NA,"Gadidae",NA,NA,NA,"Gadiformes",NA,NA,"Teleostei","Actinopteri","Vertebrata","Chordata","Animalia",NA,202,3,4.4,"2024-07-27T00:00:00Z",0.341,1.86,15.54,1,1.763,58.00183,58.00624,-172.81007,-172.84035,"J-25",107,109,NA,8.5,2.4,366,"44","15"
"147",-767,-23867,-688820,21740,2450.623,4877,"2025-09-29T00:00:00Z",61,2024,98,21740,"Gadus chalcogrammus","walleye pollock","species","WORMS",300735,"Gadus",NA,"Gadidae",NA,NA,NA,"Gadiformes",NA,NA,"Teleostei","Actinopteri","Vertebrata","Chordata","Animalia",NA,200,3,0,"2024-07-27T00:00:00Z",0.506,2.786,15.642,1,1.693,58.33283,58.32572,-173.60936,-173.56388,"K-26",114,116,NA,8.1,2.7,366,"44","15"
"148",-767,-23828,-687769,21740,591.132,1324,"2025-09-29T00:00:00Z",61,2024,98,21740,"Gadus chalcogrammus","walleye pollock","species","WORMS",300735,"Gadus",NA,"Gadidae",NA,NA,NA,"Gadiformes",NA,NA,"Teleostei","Actinopteri","Vertebrata","Chordata","Animalia",NA,194,3,4,"2024-07-25T00:00:00Z",0.331,1.804,15.627,1,1.634,59.34086,59.33113,-175.73359,-175.7589,"N-29",135,137,NA,8.2,1.4,411,"44","15"
"149",-767,-23810,-687176,21740,267.868,449,"2025-09-29T00:00:00Z",43,2024,98,21740,"Gadus chalcogrammus","walleye pollock","species","WORMS",300735,"Gadus",NA,"Gadidae",NA,NA,NA,"Gadiformes",NA,NA,"Teleostei","Actinopteri","Vertebrata","Chordata","Animalia",NA,190,3,0,"2024-07-24T00:00:00Z",0.501,2.727,15.721,1,1.769,59.31921,59.33778,-173.12098,-173.15221,"N-25",98,100,NA,7.3,1.3,320,"44","15"
"150",-767,-23803,-687002,21740,461.39,1107,"2025-09-29T00:00:00Z",43,2024,98,21740,"Gadus chalcogrammus","walleye pollock","species","WORMS",300735,"Gadus",NA,"Gadidae",NA,NA,NA,"Gadiformes",NA,NA,"Teleostei","Actinopteri","Vertebrata","Chordata","Animalia",NA,187,3,0,"2024-07-23T00:00:00Z",0.491,2.721,15.46,1,1.89,59.34486,59.32489,-172.4827,-172.5103,"N-24",86,88,NA,7.4,0.8,274,"44","15"
"151",-767,-23829,-687810,21740,129.812,187,"2025-09-29T00:00:00Z",61,2024,98,21740,"Gadus chalcogrammus","walleye pollock","species","WORMS",300735,"Gadus",NA,"Gadidae",NA,NA,NA,"Gadiformes",NA,NA,"Teleostei","Actinopteri","Vertebrata","Chordata","Animalia",NA,195,3,0,"2024-07-25T00:00:00Z",0.496,2.712,15.843,1,1.692,59.01617,58.99354,-175.73917,-175.72155,"M-29",132,134,NA,8.1,1.6,411,"44","15"
"152",-767,-23845,-688147,21740,831.132,1306,"2025-09-29T00:00:00Z",61,2024,98,21740,"Gadus chalcogrammus","walleye pollock","species","WORMS",300735,"Gadus",NA,"Gadidae",NA,NA,NA,"Gadiformes",NA,NA,"Teleostei","Actinopteri","Vertebrata","Chordata","Animalia",NA,196,3,0,"2024-07-26T00:00:00Z",0.489,2.686,15.463,1,1.689,58.65185,58.65792,-175.57967,-175.535,"L-29",134,136,NA,7.8,2.7,411,"44","15"
"153",-767,-23811,-687232,21740,349.35,653,"2025-09-29T00:00:00Z",62,2024,98,21740,"Gadus chalcogrammus","walleye pollock","species","WORMS",300735,"Gadus",NA,"Gadidae",NA,NA,NA,"Gadiformes",NA,NA,"Teleostei","Actinopteri","Vertebrata","Chordata","Animalia",NA,191,3,0,"2024-07-24T00:00:00Z",0.504,2.83,16.19,1,1.728,59.33538,59.32674,-173.77934,-173.82599,"N-26",108,110,NA,7.7,1.6,366,"44","15"
"154",-767,-23827,-687718,21740,750.255,1505,"2025-09-29T00:00:00Z",61,2024,98,21740,"Gadus chalcogrammus","walleye pollock","species","WORMS",300735,"Gadus",NA,"Gadidae",NA,NA,NA,"Gadiformes",NA,NA,"Teleostei","Actinopteri","Vertebrata","Chordata","Animalia",NA,193,3,0,"2024-07-25T00:00:00Z",0.334,1.83,15.732,1,1.618,59.33758,59.33563,-175.0684,-175.10024,"N-28",131,133,NA,8,2.4,411,"44","15"
"155",-767,-23826,-687664,21740,328.62,659,"2025-09-29T00:00:00Z",62,2024,98,21740,"Gadus chalcogrammus","walleye pollock","species","WORMS",300735,"Gadus",NA,"Gadidae",NA,NA,NA,"Gadiformes",NA,NA,"Teleostei","Actinopteri","Vertebrata","Chordata","Animalia",NA,192,3,0,"2024-07-25T00:00:00Z",0.498,2.749,16.03,1,1.676,59.33669,59.33433,-174.42704,-174.475,"N-27",119,121,NA,7.6,1.9,366,"44","15"
"156",-767,-23847,-688259,21740,214.676,371,"2025-09-29T00:00:00Z",61,2024,98,21740,"Gadus chalcogrammus","walleye pollock","species","WORMS",300735,"Gadus",NA,"Gadidae",NA,NA,NA,"Gadiformes",NA,NA,"Teleostei","Actinopteri","Vertebrata","Chordata","Animalia",NA,198,3,0,"2024-07-26T00:00:00Z",0.5,2.766,16.535,1,1.747,58.67967,58.65483,-174.27299,-174.27598,"L-27",155,157,NA,8,3.1,457,"44","15"
"157",-767,-23870,-688941,21740,848.524,1703,"2025-09-29T00:00:00Z",61,2024,98,21740,"Gadus chalcogrammus","walleye pollock","species","WORMS",300735,"Gadus",NA,"Gadidae",NA,NA,NA,"Gadiformes",NA,NA,"Teleostei","Actinopteri","Vertebrata","Chordata","Animalia",NA,203,3,0,"2024-07-27T00:00:00Z",0.496,2.817,16.325,1,1.593,57.99047,57.99464,-173.43549,-173.48235,"J-26",116,118,NA,8.3,2.8,366,"44","15"
"158",-767,-23809,-687062,22226,0.01,1,"2025-09-29T00:00:00Z",61,2024,98,22219,"Careproctus phasma","monster snailfish","species","WORMS",274460,"Careproctus",NA,"Liparidae",NA,NA,"Cottoidei","Perciformes",NA,NA,"Teleostei","Actinopteri","Vertebrata","Chordata","Animalia",NA,189,3,0,"2024-07-24T00:00:00Z",0.498,2.689,15.696,1,1.865,58.9908,59.01001,-173.05894,-173.08732,"M-25",105,107,NA,7.6,1.5,366,"44","15"
"159",-767,-23803,-687003,22226,0.028,1,"2025-09-29T00:00:00Z",43,2024,98,22219,"Careproctus phasma","monster snailfish","species","WORMS",274460,"Careproctus",NA,"Liparidae",NA,NA,"Cottoidei","Perciformes",NA,NA,"Teleostei","Actinopteri","Vertebrata","Chordata","Animalia",NA,187,3,0,"2024-07-23T00:00:00Z",0.491,2.721,15.46,1,1.89,59.34486,59.32489,-172.4827,-172.5103,"N-24",86,88,NA,7.4,0.8,274,"44","15"
"160",-767,-23810,-687178,22226,0.138,6,"2025-09-29T00:00:00Z",43,2024,98,22219,"Careproctus phasma","monster snailfish","species","WORMS",274460,"Careproctus",NA,"Liparidae",NA,NA,"Cottoidei","Perciformes",NA,NA,"Teleostei","Actinopteri","Vertebrata","Chordata","Animalia",NA,190,3,0,"2024-07-24T00:00:00Z",0.501,2.727,15.721,1,1.769,59.31921,59.33778,-173.12098,-173.15221,"N-25",98,100,NA,7.3,1.3,320,"44","15"
"161",-767,-23829,-687812,22226,0.018,1,"2025-09-29T00:00:00Z",61,2024,98,22219,"Careproctus phasma","monster snailfish","species","WORMS",274460,"Careproctus",NA,"Liparidae",NA,NA,"Cottoidei","Perciformes",NA,NA,"Teleostei","Actinopteri","Vertebrata","Chordata","Animalia",NA,195,3,0,"2024-07-25T00:00:00Z",0.496,2.712,15.843,1,1.692,59.01617,58.99354,-175.73917,-175.72155,"M-29",132,134,NA,8.1,1.6,411,"44","15"
"162",-767,-23828,-687771,22226,0.032,2,"2025-09-29T00:00:00Z",61,2024,98,22219,"Careproctus phasma","monster snailfish","species","WORMS",274460,"Careproctus",NA,"Liparidae",NA,NA,"Cottoidei","Perciformes",NA,NA,"Teleostei","Actinopteri","Vertebrata","Chordata","Animalia",NA,194,3,4,"2024-07-25T00:00:00Z",0.331,1.804,15.627,1,1.634,59.34086,59.33113,-175.73359,-175.7589,"N-29",135,137,NA,8.2,1.4,411,"44","15"
"163",-767,-23808,-687117,22226,0.07,2,"2025-09-29T00:00:00Z",41,2024,98,22219,"Careproctus phasma","monster snailfish","species","WORMS",274460,"Careproctus",NA,"Liparidae",NA,NA,"Cottoidei","Perciformes",NA,NA,"Teleostei","Actinopteri","Vertebrata","Chordata","Animalia",NA,188,3,0,"2024-07-24T00:00:00Z",0.499,2.726,15.791,1,1.717,59.00443,59.01141,-172.40673,-172.45207,"M-24",97,99,NA,7.3,1.1,320,"44","15"
"164",-767,-23811,-687233,22226,0.446,6,"2025-09-29T00:00:00Z",62,2024,98,22219,"Careproctus phasma","monster snailfish","species","WORMS",274460,"Careproctus",NA,"Liparidae",NA,NA,"Cottoidei","Perciformes",NA,NA,"Teleostei","Actinopteri","Vertebrata","Chordata","Animalia",NA,191,3,0,"2024-07-24T00:00:00Z",0.504,2.83,16.19,1,1.728,59.33538,59.32674,-173.77934,-173.82599,"N-26",108,110,NA,7.7,1.6,366,"44","15"
"165",-767,-23867,-688822,22226,0.118,4,"2025-09-29T00:00:00Z",61,2024,98,22219,"Careproctus phasma","monster snailfish","species","WORMS",274460,"Careproctus",NA,"Liparidae",NA,NA,"Cottoidei","Perciformes",NA,NA,"Teleostei","Actinopteri","Vertebrata","Chordata","Animalia",NA,200,3,0,"2024-07-27T00:00:00Z",0.506,2.786,15.642,1,1.693,58.33283,58.32572,-173.60936,-173.56388,"K-26",114,116,NA,8.1,2.7,366,"44","15"
"166",-767,-23826,-687665,22226,0.076,3,"2025-09-29T00:00:00Z",62,2024,98,22219,"Careproctus phasma","monster snailfish","species","WORMS",274460,"Careproctus",NA,"Liparidae",NA,NA,"Cottoidei","Perciformes",NA,NA,"Teleostei","Actinopteri","Vertebrata","Chordata","Animalia",NA,192,3,0,"2024-07-25T00:00:00Z",0.498,2.749,16.03,1,1.676,59.33669,59.33433,-174.42704,-174.475,"N-27",119,121,NA,7.6,1.9,366,"44","15"
"167",-767,-23811,-687234,22232,1.268,3,"2025-09-29T00:00:00Z",62,2024,98,22219,"Careproctus scottae","peachskin snailfish","species","WORMS",274470,"Careproctus",NA,"Liparidae",NA,NA,"Cottoidei","Perciformes",NA,NA,"Teleostei","Actinopteri","Vertebrata","Chordata","Animalia",NA,191,3,0,"2024-07-24T00:00:00Z",0.504,2.83,16.19,1,1.728,59.33538,59.32674,-173.77934,-173.82599,"N-26",108,110,NA,7.7,1.6,366,"44","15"
"168",-767,-23810,-687179,22232,0.29,1,"2025-09-29T00:00:00Z",43,2024,98,22219,"Careproctus scottae","peachskin snailfish","species","WORMS",274470,"Careproctus",NA,"Liparidae",NA,NA,"Cottoidei","Perciformes",NA,NA,"Teleostei","Actinopteri","Vertebrata","Chordata","Animalia",NA,190,3,0,"2024-07-24T00:00:00Z",0.501,2.727,15.721,1,1.769,59.31921,59.33778,-173.12098,-173.15221,"N-25",98,100,NA,7.3,1.3,320,"44","15"
"169",-767,-23809,-687063,22232,0.704,2,"2025-09-29T00:00:00Z",61,2024,98,22219,"Careproctus scottae","peachskin snailfish","species","WORMS",274470,"Careproctus",NA,"Liparidae",NA,NA,"Cottoidei","Perciformes",NA,NA,"Teleostei","Actinopteri","Vertebrata","Chordata","Animalia",NA,189,3,0,"2024-07-24T00:00:00Z",0.498,2.689,15.696,1,1.865,58.9908,59.01001,-173.05894,-173.08732,"M-25",105,107,NA,7.6,1.5,366,"44","15"
"170",-767,-23803,-687004,22232,0.75,2,"2025-09-29T00:00:00Z",43,2024,98,22219,"Careproctus scottae","peachskin snailfish","species","WORMS",274470,"Careproctus",NA,"Liparidae",NA,NA,"Cottoidei","Perciformes",NA,NA,"Teleostei","Actinopteri","Vertebrata","Chordata","Animalia",NA,187,3,0,"2024-07-23T00:00:00Z",0.491,2.721,15.46,1,1.89,59.34486,59.32489,-172.4827,-172.5103,"N-24",86,88,NA,7.4,0.8,274,"44","15"
"171",-767,-23828,-687772,22232,0.406,2,"2025-09-29T00:00:00Z",61,2024,98,22219,"Careproctus scottae","peachskin snailfish","species","WORMS",274470,"Careproctus",NA,"Liparidae",NA,NA,"Cottoidei","Perciformes",NA,NA,"Teleostei","Actinopteri","Vertebrata","Chordata","Animalia",NA,194,3,4,"2024-07-25T00:00:00Z",0.331,1.804,15.627,1,1.634,59.34086,59.33113,-175.73359,-175.7589,"N-29",135,137,NA,8.2,1.4,411,"44","15"
"172",-767,-23803,-686998,21110,35.71,117,"2025-09-29T00:00:00Z",43,2024,98,21110,"Clupea pallasii","Pacific herring","species","WORMS",151159,"Clupea",NA,"Clupeidae",NA,NA,NA,"Clupeiformes",NA,NA,"Teleostei","Actinopteri","Vertebrata","Chordata","Animalia",NA,187,3,0,"2024-07-23T00:00:00Z",0.491,2.721,15.46,1,1.89,59.34486,59.32489,-172.4827,-172.5103,"N-24",86,88,NA,7.4,0.8,274,"44","15"
"173",-767,-23810,-687170,21110,0.284,1,"2025-09-29T00:00:00Z",43,2024,98,21110,"Clupea pallasii","Pacific herring","species","WORMS",151159,"Clupea",NA,"Clupeidae",NA,NA,NA,"Clupeiformes",NA,NA,"Teleostei","Actinopteri","Vertebrata","Chordata","Animalia",NA,190,3,0,"2024-07-24T00:00:00Z",0.501,2.727,15.721,1,1.769,59.31921,59.33778,-173.12098,-173.15221,"N-25",98,100,NA,7.3,1.3,320,"44","15"
"174",-767,-23808,-687110,21110,2.03,6,"2025-09-29T00:00:00Z",41,2024,98,21110,"Clupea pallasii","Pacific herring","species","WORMS",151159,"Clupea",NA,"Clupeidae",NA,NA,NA,"Clupeiformes",NA,NA,"Teleostei","Actinopteri","Vertebrata","Chordata","Animalia",NA,188,3,0,"2024-07-24T00:00:00Z",0.499,2.726,15.791,1,1.717,59.00443,59.01141,-172.40673,-172.45207,"M-24",97,99,NA,7.3,1.1,320,"44","15"
"175",-767,-23828,-687773,23805,0.012,2,"2025-09-29T00:00:00Z",61,2024,98,23805,"Leptoclinus maculatus","daubed shanny","species","WORMS",127072,"Leptoclinus","Lumpeninae","Stichaeidae",NA,NA,"Zoarcoidei","Perciformes",NA,NA,"Teleostei","Actinopteri","Vertebrata","Chordata","Animalia",NA,194,3,4,"2024-07-25T00:00:00Z",0.331,1.804,15.627,1,1.634,59.34086,59.33113,-175.73359,-175.7589,"N-29",135,137,NA,8.2,1.4,411,"44","15"
"176",-767,-23826,-687666,23805,0.002,1,"2025-09-29T00:00:00Z",62,2024,98,23805,"Leptoclinus maculatus","daubed shanny","species","WORMS",127072,"Leptoclinus","Lumpeninae","Stichaeidae",NA,NA,"Zoarcoidei","Perciformes",NA,NA,"Teleostei","Actinopteri","Vertebrata","Chordata","Animalia",NA,192,3,0,"2024-07-25T00:00:00Z",0.498,2.749,16.03,1,1.676,59.33669,59.33433,-174.42704,-174.475,"N-27",119,121,NA,7.6,1.9,366,"44","15"
"177",-767,-23870,-688943,23850,0.029,2,"2025-09-29T00:00:00Z",61,2024,98,23850,"Poroclinus rothrocki","whitebarred prickleback","species","WORMS",254385,"Poroclinus","Lumpeninae","Stichaeidae",NA,NA,"Zoarcoidei","Perciformes",NA,NA,"Teleostei","Actinopteri","Vertebrata","Chordata","Animalia",NA,203,3,0,"2024-07-27T00:00:00Z",0.496,2.817,16.325,1,1.593,57.99047,57.99464,-173.43549,-173.48235,"J-26",116,118,NA,8.3,2.8,366,"44","15"
"178",-767,-23846,-688205,24001,1.112,1,"2025-09-29T00:00:00Z",61,2024,98,24001,"Zaprora silenus","prowfish","species","WORMS",254353,"Zaprora",NA,"Zaproridae",NA,NA,"Zoarcoidei","Perciformes",NA,NA,"Teleostei","Actinopteri","Vertebrata","Chordata","Animalia",NA,197,3,0,"2024-07-26T00:00:00Z",0.484,2.7,15.739,1,1.689,58.68516,58.69022,-174.96253,-174.91712,"L-28",190,192,NA,8.2,3.5,549,"44","15"
"179",-767,-23868,-688869,24185,0.59,4,"2025-09-29T00:00:00Z",61,2024,98,24185,"Lycodes palearis","wattled eelpout","species","WORMS",254585,"Lycodes","Lycodinae","Zoarcidae",NA,NA,"Zoarcoidei","Perciformes",NA,NA,"Teleostei","Actinopteri","Vertebrata","Chordata","Animalia",NA,201,3,3.1,"2024-07-27T00:00:00Z",0.506,2.807,15.325,1,1.76,58.3421,58.32572,-172.9489,-172.91251,"K-25",108,110,NA,8.5,2.3,366,"44","15"
"180",-767,-23811,-687235,24185,0.568,2,"2025-09-29T00:00:00Z",62,2024,98,24185,"Lycodes palearis","wattled eelpout","species","WORMS",254585,"Lycodes","Lycodinae","Zoarcidae",NA,NA,"Zoarcoidei","Perciformes",NA,NA,"Teleostei","Actinopteri","Vertebrata","Chordata","Animalia",NA,191,3,0,"2024-07-24T00:00:00Z",0.504,2.83,16.19,1,1.728,59.33538,59.32674,-173.77934,-173.82599,"N-26",108,110,NA,7.7,1.6,366,"44","15"
"181",-767,-23826,-687674,24185,16.033,46,"2025-09-29T00:00:00Z",62,2024,98,24185,"Lycodes palearis","wattled eelpout","species","WORMS",254585,"Lycodes","Lycodinae","Zoarcidae",NA,NA,"Zoarcoidei","Perciformes",NA,NA,"Teleostei","Actinopteri","Vertebrata","Chordata","Animalia",NA,192,3,0,"2024-07-25T00:00:00Z",0.498,2.749,16.03,1,1.676,59.33669,59.33433,-174.42704,-174.475,"N-27",119,121,NA,7.6,1.9,366,"44","15"
"182",-767,-23867,-688823,24185,3.223,11,"2025-09-29T00:00:00Z",61,2024,98,24185,"Lycodes palearis","wattled eelpout","species","WORMS",254585,"Lycodes","Lycodinae","Zoarcidae",NA,NA,"Zoarcoidei","Perciformes",NA,NA,"Teleostei","Actinopteri","Vertebrata","Chordata","Animalia",NA,200,3,0,"2024-07-27T00:00:00Z",0.506,2.786,15.642,1,1.693,58.33283,58.32572,-173.60936,-173.56388,"K-26",114,116,NA,8.1,2.7,366,"44","15"
"183",-767,-23829,-687813,24185,9.3,72,"2025-09-29T00:00:00Z",61,2024,98,24185,"Lycodes palearis","wattled eelpout","species","WORMS",254585,"Lycodes","Lycodinae","Zoarcidae",NA,NA,"Zoarcoidei","Perciformes",NA,NA,"Teleostei","Actinopteri","Vertebrata","Chordata","Animalia",NA,195,3,0,"2024-07-25T00:00:00Z",0.496,2.712,15.843,1,1.692,59.01617,58.99354,-175.73917,-175.72155,"M-29",132,134,NA,8.1,1.6,411,"44","15"
"184",-767,-23809,-687064,24185,4.67,30,"2025-09-29T00:00:00Z",61,2024,98,24185,"Lycodes palearis","wattled eelpout","species","WORMS",254585,"Lycodes","Lycodinae","Zoarcidae",NA,NA,"Zoarcoidei","Perciformes",NA,NA,"Teleostei","Actinopteri","Vertebrata","Chordata","Animalia",NA,189,3,0,"2024-07-24T00:00:00Z",0.498,2.689,15.696,1,1.865,58.9908,59.01001,-173.05894,-173.08732,"M-25",105,107,NA,7.6,1.5,366,"44","15"
"185",-767,-23810,-687180,24185,2.38,19,"2025-09-29T00:00:00Z",43,2024,98,24185,"Lycodes palearis","wattled eelpout","species","WORMS",254585,"Lycodes","Lycodinae","Zoarcidae",NA,NA,"Zoarcoidei","Perciformes",NA,NA,"Teleostei","Actinopteri","Vertebrata","Chordata","Animalia",NA,190,3,0,"2024-07-24T00:00:00Z",0.501,2.727,15.721,1,1.769,59.31921,59.33778,-173.12098,-173.15221,"N-25",98,100,NA,7.3,1.3,320,"44","15"
"186",-767,-23827,-687720,24185,0.39,1,"2025-09-29T00:00:00Z",61,2024,98,24185,"Lycodes palearis","wattled eelpout","species","WORMS",254585,"Lycodes","Lycodinae","Zoarcidae",NA,NA,"Zoarcoidei","Perciformes",NA,NA,"Teleostei","Actinopteri","Vertebrata","Chordata","Animalia",NA,193,3,0,"2024-07-25T00:00:00Z",0.334,1.83,15.732,1,1.618,59.33758,59.33563,-175.0684,-175.10024,"N-28",131,133,NA,8,2.4,411,"44","15"
"187",-767,-23808,-687118,24185,13.168,55,"2025-09-29T00:00:00Z",41,2024,98,24185,"Lycodes palearis","wattled eelpout","species","WORMS",254585,"Lycodes","Lycodinae","Zoarcidae",NA,NA,"Zoarcoidei","Perciformes",NA,NA,"Teleostei","Actinopteri","Vertebrata","Chordata","Animalia",NA,188,3,0,"2024-07-24T00:00:00Z",0.499,2.726,15.791,1,1.717,59.00443,59.01141,-172.40673,-172.45207,"M-24",97,99,NA,7.3,1.1,320,"44","15"
"188",-767,-23803,-687005,24185,5.43,35,"2025-09-29T00:00:00Z",43,2024,98,24185,"Lycodes palearis","wattled eelpout","species","WORMS",254585,"Lycodes","Lycodinae","Zoarcidae",NA,NA,"Zoarcoidei","Perciformes",NA,NA,"Teleostei","Actinopteri","Vertebrata","Chordata","Animalia",NA,187,3,0,"2024-07-23T00:00:00Z",0.491,2.721,15.46,1,1.89,59.34486,59.32489,-172.4827,-172.5103,"N-24",86,88,NA,7.4,0.8,274,"44","15"
"189",-767,-23809,-687065,24191,31.74,397,"2025-09-29T00:00:00Z",61,2024,98,24191,"Lycodes brevipes","shortfin eelpout","species","WORMS",254595,"Lycodes","Lycodinae","Zoarcidae",NA,NA,"Zoarcoidei","Perciformes",NA,NA,"Teleostei","Actinopteri","Vertebrata","Chordata","Animalia",NA,189,3,0,"2024-07-24T00:00:00Z",0.498,2.689,15.696,1,1.865,58.9908,59.01001,-173.05894,-173.08732,"M-25",105,107,NA,7.6,1.5,366,"44","15"
"190",-767,-23828,-687774,24191,31.79,311,"2025-09-29T00:00:00Z",61,2024,98,24191,"Lycodes brevipes","shortfin eelpout","species","WORMS",254595,"Lycodes","Lycodinae","Zoarcidae",NA,NA,"Zoarcoidei","Perciformes",NA,NA,"Teleostei","Actinopteri","Vertebrata","Chordata","Animalia",NA,194,3,4,"2024-07-25T00:00:00Z",0.331,1.804,15.627,1,1.634,59.34086,59.33113,-175.73359,-175.7589,"N-29",135,137,NA,8.2,1.4,411,"44","15"
"191",-767,-23829,-687814,24191,4.15,62,"2025-09-29T00:00:00Z",61,2024,98,24191,"Lycodes brevipes","shortfin eelpout","species","WORMS",254595,"Lycodes","Lycodinae","Zoarcidae",NA,NA,"Zoarcoidei","Perciformes",NA,NA,"Teleostei","Actinopteri","Vertebrata","Chordata","Animalia",NA,195,3,0,"2024-07-25T00:00:00Z",0.496,2.712,15.843,1,1.692,59.01617,58.99354,-175.73917,-175.72155,"M-29",132,134,NA,8.1,1.6,411,"44","15"
"192",-767,-23811,-687236,24191,17.09,298,"2025-09-29T00:00:00Z",62,2024,98,24191,"Lycodes brevipes","shortfin eelpout","species","WORMS",254595,"Lycodes","Lycodinae","Zoarcidae",NA,NA,"Zoarcoidei","Perciformes",NA,NA,"Teleostei","Actinopteri","Vertebrata","Chordata","Animalia",NA,191,3,0,"2024-07-24T00:00:00Z",0.504,2.83,16.19,1,1.728,59.33538,59.32674,-173.77934,-173.82599,"N-26",108,110,NA,7.7,1.6,366,"44","15"
"193",-767,-23826,-687675,24191,63.196,687,"2025-09-29T00:00:00Z",62,2024,98,24191,"Lycodes brevipes","shortfin eelpout","species","WORMS",254595,"Lycodes","Lycodinae","Zoarcidae",NA,NA,"Zoarcoidei","Perciformes",NA,NA,"Teleostei","Actinopteri","Vertebrata","Chordata","Animalia",NA,192,3,0,"2024-07-25T00:00:00Z",0.498,2.749,16.03,1,1.676,59.33669,59.33433,-174.42704,-174.475,"N-27",119,121,NA,7.6,1.9,366,"44","15"
"194",-767,-23803,-687006,24191,2.01,53,"2025-09-29T00:00:00Z",43,2024,98,24191,"Lycodes brevipes","shortfin eelpout","species","WORMS",254595,"Lycodes","Lycodinae","Zoarcidae",NA,NA,"Zoarcoidei","Perciformes",NA,NA,"Teleostei","Actinopteri","Vertebrata","Chordata","Animalia",NA,187,3,0,"2024-07-23T00:00:00Z",0.491,2.721,15.46,1,1.89,59.34486,59.32489,-172.4827,-172.5103,"N-24",86,88,NA,7.4,0.8,274,"44","15"
"195",-767,-23867,-688824,24191,0.059,4,"2025-09-29T00:00:00Z",61,2024,98,24191,"Lycodes brevipes","shortfin eelpout","species","WORMS",254595,"Lycodes","Lycodinae","Zoarcidae",NA,NA,"Zoarcoidei","Perciformes",NA,NA,"Teleostei","Actinopteri","Vertebrata","Chordata","Animalia",NA,200,3,0,"2024-07-27T00:00:00Z",0.506,2.786,15.642,1,1.693,58.33283,58.32572,-173.60936,-173.56388,"K-26",114,116,NA,8.1,2.7,366,"44","15"
"196",-767,-23827,-687721,24191,58.94,618,"2025-09-29T00:00:00Z",61,2024,98,24191,"Lycodes brevipes","shortfin eelpout","species","WORMS",254595,"Lycodes","Lycodinae","Zoarcidae",NA,NA,"Zoarcoidei","Perciformes",NA,NA,"Teleostei","Actinopteri","Vertebrata","Chordata","Animalia",NA,193,3,0,"2024-07-25T00:00:00Z",0.334,1.83,15.732,1,1.618,59.33758,59.33563,-175.0684,-175.10024,"N-28",131,133,NA,8,2.4,411,"44","15"
"197",-767,-23810,-687181,24191,26.4,518,"2025-09-29T00:00:00Z",43,2024,98,24191,"Lycodes brevipes","shortfin eelpout","species","WORMS",254595,"Lycodes","Lycodinae","Zoarcidae",NA,NA,"Zoarcoidei","Perciformes",NA,NA,"Teleostei","Actinopteri","Vertebrata","Chordata","Animalia",NA,190,3,0,"2024-07-24T00:00:00Z",0.501,2.727,15.721,1,1.769,59.31921,59.33778,-173.12098,-173.15221,"N-25",98,100,NA,7.3,1.3,320,"44","15"
"198",-767,-23845,-688149,24191,0.206,5,"2025-09-29T00:00:00Z",61,2024,98,24191,"Lycodes brevipes","shortfin eelpout","species","WORMS",254595,"Lycodes","Lycodinae","Zoarcidae",NA,NA,"Zoarcoidei","Perciformes",NA,NA,"Teleostei","Actinopteri","Vertebrata","Chordata","Animalia",NA,196,3,0,"2024-07-26T00:00:00Z",0.489,2.686,15.463,1,1.689,58.65185,58.65792,-175.57967,-175.535,"L-29",134,136,NA,7.8,2.7,411,"44","15"
"199",-767,-23868,-688870,24191,0.113,4,"2025-09-29T00:00:00Z",61,2024,98,24191,"Lycodes brevipes","shortfin eelpout","species","WORMS",254595,"Lycodes","Lycodinae","Zoarcidae",NA,NA,"Zoarcoidei","Perciformes",NA,NA,"Teleostei","Actinopteri","Vertebrata","Chordata","Animalia",NA,201,3,3.1,"2024-07-27T00:00:00Z",0.506,2.807,15.325,1,1.76,58.3421,58.32572,-172.9489,-172.91251,"K-25",108,110,NA,8.5,2.3,366,"44","15"
"200",-767,-23808,-687119,24191,21.28,421,"2025-09-29T00:00:00Z",41,2024,98,24191,"Lycodes brevipes","shortfin eelpout","species","WORMS",254595,"Lycodes","Lycodinae","Zoarcidae",NA,NA,"Zoarcoidei","Perciformes",NA,NA,"Teleostei","Actinopteri","Vertebrata","Chordata","Animalia",NA,188,3,0,"2024-07-24T00:00:00Z",0.499,2.726,15.791,1,1.717,59.00443,59.01141,-172.40673,-172.45207,"M-24",97,99,NA,7.3,1.1,320,"44","15"
"201",-767,-23868,-688856,21420,10.73,2,"2025-09-29T00:00:00Z",61,2024,98,21420,"Hemitripterus bolini","bigmouth sculpin","species","WORMS",254541,"Hemitripterus",NA,"Hemitripteridae",NA,NA,"Cottoidei","Perciformes",NA,NA,"Teleostei","Actinopteri","Vertebrata","Chordata","Animalia",NA,201,3,3.1,"2024-07-27T00:00:00Z",0.506,2.807,15.325,1,1.76,58.3421,58.32572,-172.9489,-172.91251,"K-25",108,110,NA,8.5,2.3,366,"44","15"
"202",-767,-23869,-688903,21420,13.36,2,"2025-09-29T00:00:00Z",61,2024,98,21420,"Hemitripterus bolini","bigmouth sculpin","species","WORMS",254541,"Hemitripterus",NA,"Hemitripteridae",NA,NA,"Cottoidei","Perciformes",NA,NA,"Teleostei","Actinopteri","Vertebrata","Chordata","Animalia",NA,202,3,4.4,"2024-07-27T00:00:00Z",0.341,1.86,15.54,1,1.763,58.00183,58.00624,-172.81007,-172.84035,"J-25",107,109,NA,8.5,2.4,366,"44","15"
"203",-767,-23827,-687715,21420,5.65,1,"2025-09-29T00:00:00Z",61,2024,98,21420,"Hemitripterus bolini","bigmouth sculpin","species","WORMS",254541,"Hemitripterus",NA,"Hemitripteridae",NA,NA,"Cottoidei","Perciformes",NA,NA,"Teleostei","Actinopteri","Vertebrata","Chordata","Animalia",NA,193,3,0,"2024-07-25T00:00:00Z",0.334,1.83,15.732,1,1.618,59.33758,59.33563,-175.0684,-175.10024,"N-28",131,133,NA,8,2.4,411,"44","15"
"204",-767,-23826,-687661,21420,17.83,3,"2025-09-29T00:00:00Z",62,2024,98,21420,"Hemitripterus bolini","bigmouth sculpin","species","WORMS",254541,"Hemitripterus",NA,"Hemitripteridae",NA,NA,"Cottoidei","Perciformes",NA,NA,"Teleostei","Actinopteri","Vertebrata","Chordata","Animalia",NA,192,3,0,"2024-07-25T00:00:00Z",0.498,2.749,16.03,1,1.676,59.33669,59.33433,-174.42704,-174.475,"N-27",119,121,NA,7.6,1.9,366,"44","15"
"205",-767,-23809,-687058,21420,13.05,2,"2025-09-29T00:00:00Z",61,2024,98,21420,"Hemitripterus bolini","bigmouth sculpin","species","WORMS",254541,"Hemitripterus",NA,"Hemitripteridae",NA,NA,"Cottoidei","Perciformes",NA,NA,"Teleostei","Actinopteri","Vertebrata","Chordata","Animalia",NA,189,3,0,"2024-07-24T00:00:00Z",0.498,2.689,15.696,1,1.865,58.9908,59.01001,-173.05894,-173.08732,"M-25",105,107,NA,7.6,1.5,366,"44","15"
"206",-767,-23811,-687228,21420,38.07,6,"2025-09-29T00:00:00Z",62,2024,98,21420,"Hemitripterus bolini","bigmouth sculpin","species","WORMS",254541,"Hemitripterus",NA,"Hemitripteridae",NA,NA,"Cottoidei","Perciformes",NA,NA,"Teleostei","Actinopteri","Vertebrata","Chordata","Animalia",NA,191,3,0,"2024-07-24T00:00:00Z",0.504,2.83,16.19,1,1.728,59.33538,59.32674,-173.77934,-173.82599,"N-26",108,110,NA,7.7,1.6,366,"44","15"
"207",-767,-23870,-688933,21420,5.58,1,"2025-09-29T00:00:00Z",61,2024,98,21420,"Hemitripterus bolini","bigmouth sculpin","species","WORMS",254541,"Hemitripterus",NA,"Hemitripteridae",NA,NA,"Cottoidei","Perciformes",NA,NA,"Teleostei","Actinopteri","Vertebrata","Chordata","Animalia",NA,203,3,0,"2024-07-27T00:00:00Z",0.496,2.817,16.325,1,1.593,57.99047,57.99464,-173.43549,-173.48235,"J-26",116,118,NA,8.3,2.8,366,"44","15"
"208",-767,-23808,-687113,21420,18.98,3,"2025-09-29T00:00:00Z",41,2024,98,21420,"Hemitripterus bolini","bigmouth sculpin","species","WORMS",254541,"Hemitripterus",NA,"Hemitripteridae",NA,NA,"Cottoidei","Perciformes",NA,NA,"Teleostei","Actinopteri","Vertebrata","Chordata","Animalia",NA,188,3,0,"2024-07-24T00:00:00Z",0.499,2.726,15.791,1,1.717,59.00443,59.01141,-172.40673,-172.45207,"M-24",97,99,NA,7.3,1.1,320,"44","15"
"209",-767,-23846,-688200,21420,5.76,1,"2025-09-29T00:00:00Z",61,2024,98,21420,"Hemitripterus bolini","bigmouth sculpin","species","WORMS",254541,"Hemitripterus",NA,"Hemitripteridae",NA,NA,"Cottoidei","Perciformes",NA,NA,"Teleostei","Actinopteri","Vertebrata","Chordata","Animalia",NA,197,3,0,"2024-07-26T00:00:00Z",0.484,2.7,15.739,1,1.689,58.68516,58.69022,-174.96253,-174.91712,"L-28",190,192,NA,8.2,3.5,549,"44","15"
"210",-767,-23810,-687172,21420,1.346,2,"2025-09-29T00:00:00Z",43,2024,98,21420,"Hemitripterus bolini","bigmouth sculpin","species","WORMS",254541,"Hemitripterus",NA,"Hemitripteridae",NA,NA,"Cottoidei","Perciformes",NA,NA,"Teleostei","Actinopteri","Vertebrata","Chordata","Animalia",NA,190,3,0,"2024-07-24T00:00:00Z",0.501,2.727,15.721,1,1.769,59.31921,59.33778,-173.12098,-173.15221,"N-25",98,100,NA,7.3,1.3,320,"44","15"
"211",-767,-23845,-688145,21438,0.042,4,"2025-09-29T00:00:00Z",61,2024,98,21438,"Icelus spiniger","thorny sculpin","species","WORMS",254525,"Icelus",NA,"Cottidae",NA,NA,"Cottoidei","Perciformes",NA,NA,"Teleostei","Actinopteri","Vertebrata","Chordata","Animalia",NA,196,3,0,"2024-07-26T00:00:00Z",0.489,2.686,15.463,1,1.689,58.65185,58.65792,-175.57967,-175.535,"L-29",134,136,NA,7.8,2.7,411,"44","15"
"212",-767,-23827,-687716,21438,0.555,15,"2025-09-29T00:00:00Z",61,2024,98,21438,"Icelus spiniger","thorny sculpin","species","WORMS",254525,"Icelus",NA,"Cottidae",NA,NA,"Cottoidei","Perciformes",NA,NA,"Teleostei","Actinopteri","Vertebrata","Chordata","Animalia",NA,193,3,0,"2024-07-25T00:00:00Z",0.334,1.83,15.732,1,1.618,59.33758,59.33563,-175.0684,-175.10024,"N-28",131,133,NA,8,2.4,411,"44","15"
"213",-767,-23847,-688257,21438,0.014,1,"2025-09-29T00:00:00Z",61,2024,98,21438,"Icelus spiniger","thorny sculpin","species","WORMS",254525,"Icelus",NA,"Cottidae",NA,NA,"Cottoidei","Perciformes",NA,NA,"Teleostei","Actinopteri","Vertebrata","Chordata","Animalia",NA,198,3,0,"2024-07-26T00:00:00Z",0.5,2.766,16.535,1,1.747,58.67967,58.65483,-174.27299,-174.27598,"L-27",155,157,NA,8,3.1,457,"44","15"
"214",-767,-23828,-687767,21438,0.662,32,"2025-09-29T00:00:00Z",61,2024,98,21438,"Icelus spiniger","thorny sculpin","species","WORMS",254525,"Icelus",NA,"Cottidae",NA,NA,"Cottoidei","Perciformes",NA,NA,"Teleostei","Actinopteri","Vertebrata","Chordata","Animalia",NA,194,3,4,"2024-07-25T00:00:00Z",0.331,1.804,15.627,1,1.634,59.34086,59.33113,-175.73359,-175.7589,"N-29",135,137,NA,8.2,1.4,411,"44","15"
"215",-767,-23846,-688201,21438,0.062,5,"2025-09-29T00:00:00Z",61,2024,98,21438,"Icelus spiniger","thorny sculpin","species","WORMS",254525,"Icelus",NA,"Cottidae",NA,NA,"Cottoidei","Perciformes",NA,NA,"Teleostei","Actinopteri","Vertebrata","Chordata","Animalia",NA,197,3,0,"2024-07-26T00:00:00Z",0.484,2.7,15.739,1,1.689,58.68516,58.69022,-174.96253,-174.91712,"L-28",190,192,NA,8.2,3.5,549,"44","15"
"216",-767,-23811,-687229,21438,0.142,5,"2025-09-29T00:00:00Z",62,2024,98,21438,"Icelus spiniger","thorny sculpin","species","WORMS",254525,"Icelus",NA,"Cottidae",NA,NA,"Cottoidei","Perciformes",NA,NA,"Teleostei","Actinopteri","Vertebrata","Chordata","Animalia",NA,191,3,0,"2024-07-24T00:00:00Z",0.504,2.83,16.19,1,1.728,59.33538,59.32674,-173.77934,-173.82599,"N-26",108,110,NA,7.7,1.6,366,"44","15"
"217",-767,-23826,-687662,21438,0.27,10,"2025-09-29T00:00:00Z",62,2024,98,21438,"Icelus spiniger","thorny sculpin","species","WORMS",254525,"Icelus",NA,"Cottidae",NA,NA,"Cottoidei","Perciformes",NA,NA,"Teleostei","Actinopteri","Vertebrata","Chordata","Animalia",NA,192,3,0,"2024-07-25T00:00:00Z",0.498,2.749,16.03,1,1.676,59.33669,59.33433,-174.42704,-174.475,"N-27",119,121,NA,7.6,1.9,366,"44","15"
"218",-767,-23829,-687808,21438,0.42,30,"2025-09-29T00:00:00Z",61,2024,98,21438,"Icelus spiniger","thorny sculpin","species","WORMS",254525,"Icelus",NA,"Cottidae",NA,NA,"Cottoidei","Perciformes",NA,NA,"Teleostei","Actinopteri","Vertebrata","Chordata","Animalia",NA,195,3,0,"2024-07-25T00:00:00Z",0.496,2.712,15.843,1,1.692,59.01617,58.99354,-175.73917,-175.72155,"M-29",132,134,NA,8.1,1.6,411,"44","15"
"219",-767,-23810,-687173,21438,0.25,9,"2025-09-29T00:00:00Z",43,2024,98,21438,"Icelus spiniger","thorny sculpin","species","WORMS",254525,"Icelus",NA,"Cottidae",NA,NA,"Cottoidei","Perciformes",NA,NA,"Teleostei","Actinopteri","Vertebrata","Chordata","Animalia",NA,190,3,0,"2024-07-24T00:00:00Z",0.501,2.727,15.721,1,1.769,59.31921,59.33778,-173.12098,-173.15221,"N-25",98,100,NA,7.3,1.3,320,"44","15"
"220",-767,-23809,-687059,21438,0.39,9,"2025-09-29T00:00:00Z",61,2024,98,21438,"Icelus spiniger","thorny sculpin","species","WORMS",254525,"Icelus",NA,"Cottidae",NA,NA,"Cottoidei","Perciformes",NA,NA,"Teleostei","Actinopteri","Vertebrata","Chordata","Animalia",NA,189,3,0,"2024-07-24T00:00:00Z",0.498,2.689,15.696,1,1.865,58.9908,59.01001,-173.05894,-173.08732,"M-25",105,107,NA,7.6,1.5,366,"44","15"
"221",-767,-23803,-687000,21441,0.098,4,"2025-09-29T00:00:00Z",43,2024,98,21441,"Icelus spatula","spatulate sculpin","species","WORMS",127200,"Icelus",NA,"Cottidae",NA,NA,"Cottoidei","Perciformes",NA,NA,"Teleostei","Actinopteri","Vertebrata","Chordata","Animalia",NA,187,3,0,"2024-07-23T00:00:00Z",0.491,2.721,15.46,1,1.89,59.34486,59.32489,-172.4827,-172.5103,"N-24",86,88,NA,7.4,0.8,274,"44","15"
"222",-767,-23811,-687230,21441,0.012,1,"2025-09-29T00:00:00Z",62,2024,98,21441,"Icelus spatula","spatulate sculpin","species","WORMS",127200,"Icelus",NA,"Cottidae",NA,NA,"Cottoidei","Perciformes",NA,NA,"Teleostei","Actinopteri","Vertebrata","Chordata","Animalia",NA,191,3,0,"2024-07-24T00:00:00Z",0.504,2.83,16.19,1,1.728,59.33538,59.32674,-173.77934,-173.82599,"N-26",108,110,NA,7.7,1.6,366,"44","15"
"223",-767,-23810,-687174,21441,0.028,3,"2025-09-29T00:00:00Z",43,2024,98,21441,"Icelus spatula","spatulate sculpin","species","WORMS",127200,"Icelus",NA,"Cottidae",NA,NA,"Cottoidei","Perciformes",NA,NA,"Teleostei","Actinopteri","Vertebrata","Chordata","Animalia",NA,190,3,0,"2024-07-24T00:00:00Z",0.501,2.727,15.721,1,1.769,59.31921,59.33778,-173.12098,-173.15221,"N-25",98,100,NA,7.3,1.3,320,"44","15"
"224",-767,-23808,-687114,21441,0.01,1,"2025-09-29T00:00:00Z",41,2024,98,21441,"Icelus spatula","spatulate sculpin","species","WORMS",127200,"Icelus",NA,"Cottidae",NA,NA,"Cottoidei","Perciformes",NA,NA,"Teleostei","Actinopteri","Vertebrata","Chordata","Animalia",NA,188,3,0,"2024-07-24T00:00:00Z",0.499,2.726,15.791,1,1.717,59.00443,59.01141,-172.40673,-172.45207,"M-24",97,99,NA,7.3,1.1,320,"44","15"
"225",-767,-23847,-688262,30420,0.924,1,"2025-09-29T00:00:00Z",61,2024,98,30420,"Sebastes polyspinis","northern rockfish","species","WORMS",274837,"Sebastes","Sebastinae","Sebastidae",NA,NA,"Scorpaenoidei","Perciformes",NA,NA,"Teleostei","Actinopteri","Vertebrata","Chordata","Animalia",NA,198,3,0,"2024-07-26T00:00:00Z",0.5,2.766,16.535,1,1.747,58.67967,58.65483,-174.27299,-174.27598,"L-27",155,157,NA,8,3.1,457,"44","15"
"226",-767,-23847,-688261,30060,0.654,1,"2025-09-29T00:00:00Z",61,2024,98,30060,"Sebastes alutus","Pacific ocean perch","species","WORMS",254573,"Sebastes","Sebastinae","Sebastidae",NA,NA,"Scorpaenoidei","Perciformes",NA,NA,"Teleostei","Actinopteri","Vertebrata","Chordata","Animalia",NA,198,3,0,"2024-07-26T00:00:00Z",0.5,2.766,16.535,1,1.747,58.67967,58.65483,-174.27299,-174.27598,"L-27",155,157,NA,8,3.1,457,"44","15"
"227",-767,-23846,-688206,30060,104.71,132,"2025-09-29T00:00:00Z",61,2024,98,30060,"Sebastes alutus","Pacific ocean perch","species","WORMS",254573,"Sebastes","Sebastinae","Sebastidae",NA,NA,"Scorpaenoidei","Perciformes",NA,NA,"Teleostei","Actinopteri","Vertebrata","Chordata","Animalia",NA,197,3,0,"2024-07-26T00:00:00Z",0.484,2.7,15.739,1,1.689,58.68516,58.69022,-174.96253,-174.91712,"L-28",190,192,NA,8.2,3.5,549,"44","15"
"228",-767,-23848,-688313,30060,807.729,1327,"2025-09-29T00:00:00Z",61,2024,98,30060,"Sebastes alutus","Pacific ocean perch","species","WORMS",254573,"Sebastes","Sebastinae","Sebastidae",NA,NA,"Scorpaenoidei","Perciformes",NA,NA,"Teleostei","Actinopteri","Vertebrata","Chordata","Animalia",NA,199,3,0,"2024-07-26T00:00:00Z",0.482,2.684,16.196,1,1.86,58.34459,58.32189,-174.32633,-174.3107,"K-27",174,176,NA,8.3,3.6,503,"44","15"
